Source,Target
2298,779
2299,96
2299,300
2300,96
2301,1230
2302,1830
2303,1745
2304,2271
2305,1526
2306,30
2306,342
2306,738
2306,1173
2307,1547
2308,1773
2309,29
2309,732
2309,1674
2310,223
2310,2084
2311,408
2312,327
2313,597
2314,1297
2315,769
2316,145
2317,1891
2318,659
2320,1167
2320,1837
2321,1564
2323,2100
2324,737
2324,1448
2324,1531
2324,1564
2325,881
2326,782
2326,865
2327,2088
2329,1238
2329,2021
2330,1306
2330,2176
2331,1261
2332,478
2333,1692
2334,1436
2335,299
2335,1967
2336,152
2336,1332
2336,1465
2336,2000
2337,1400
2337,1913
2338,26
2338,365
2338,370
2338,657
2338,1857
2339,362
2339,2133
2341,114
2341,1248
2341,1324
2342,1562
2343,409
2344,1128
2344,1432
2344,1781
2344,1871
2345,716
2345,1158
2345,1530
2345,1841
2346,499
2346,597
2346,1344
2346,1470
2347,2147
2348,2259
2350,1419
2351,1939
2353,2106
2354,1286
2354,2279
2355,1367
2356,488
2357,186
2358,46
2358,48
2358,142
2358,987
2358,1480
2359,630
2359,984
2360,325
2360,1896
2361,127
2362,1499
2362,1502
2363,1838
2364,2123
2365,612
2365,613
2365,619
2365,781
2366,584
2367,1858
2368,993
2369,1288
2370,1338
2371,125
2372,569
2373,1405
2374,628
2374,782
2375,2076
2376,2178
2377,153
2378,1499
2379,1499
2380,1974
2381,1700
2382,1440
2383,848
2384,739
2385,433
2385,1238
2386,474
2388,257
2388,1927
2389,886
2391,1892
2392,1527
2393,657
2394,1805
2395,1509
2396,57
2396,264
2396,425
2396,643
2396,648
2396,649
2396,793
2396,1504
2396,1968
2397,366
2398,130
2398,235
2398,940
2398,1484
2398,1852
2399,662
2400,1947
2401,946
2402,685
2403,1838
2404,1428
2405,63
2405,776
2405,1830
2406,180
2407,482
2408,2203
2409,425
2410,704
2410,1233
2411,478
2412,1362
2412,1445
2413,652
2414,884
2414,1108
2414,1437
2415,307
2415,1467
2415,1612
2415,2021
2415,2085
2416,1242
2417,127
2417,483
2417,1243
2417,2010
2418,1338
2419,657
2420,865
2421,1083
2421,2095
2422,84
2423,447
2424,1456
2425,959
2425,1271
2425,1432
2425,2094
2426,1871
2427,1432
2427,2094
2428,335
2428,701
2428,710
2429,501
2430,598
2430,601
2430,1389
2430,1787
2430,1945
2431,1974
2432,452
2432,1108
2433,885
2434,1139
2434,1555
2434,2186
2435,90
2435,295
2435,502
2435,1047
2435,1875
2436,295
2437,807
2437,946
2437,2025
2438,126
2439,2180
2440,257
2440,259
2440,1927
2441,1841
2441,1850
2442,265
2442,436
2442,671
2442,1172
2443,66
2443,93
2443,1222
2443,1731
2444,894
2446,984
2446,993
2446,1239
2446,2083
2447,31
2447,1451
2448,346
2448,1110
2449,583
2450,1152
2451,335
2451,952
2451,1221
2452,135
2452,639
2452,848
2452,993
2452,1817
2452,2065
2453,1552
2454,1566
2455,1007
2456,934
2457,1306
2457,2178
2458,1281
2458,1363
2458,1446
2459,2179
2460,1169
2461,1450
2462,424
2462,963
2462,1949
2463,772
2464,263
2465,1315
2465,2057
2466,1257
2466,1366
2466,1751
2466,1804
2466,1811
2467,220
2467,1966
2468,380
2469,257
2470,1790
2471,1937
2472,1094
2473,1839
2474,1234
2475,556
2475,974
2476,493
2476,691
2476,1614
2476,2085
2477,1154
2478,1967
2479,481
2480,691
2480,1264
2481,1154
2482,1255
2483,2089
2484,1866
2485,2106
2486,1657
2487,777
2487,1579
2487,1580
2488,1137
2489,965
2490,386
2491,444
2492,1121
2492,1277
2493,1817
2494,1526
2496,303
2496,752
2496,1419
2496,1938
2497,633
2498,222
2499,564
2500,333
2501,853
2502,211
2503,104
2504,162
2505,536
2505,1221
2506,147
2506,671
2507,288
2508,835
2509,318
2510,2084
2511,641
2512,209
2512,353
2512,1226
2512,1540
2513,1156
2514,2106
2515,1161
2516,904
2517,358
2517,580
2517,994
2517,1869
2517,2182
2518,38
2518,907
2518,1468
2519,1098
2520,492
2520,656
2520,888
2521,1319
2522,71
2523,2291
2524,752
2524,1852
2525,531
2526,57
2526,842
2526,1504
2526,2121
2527,189
2528,1305
2529,2093
2530,399
2531,135
2531,1465
2532,22
2532,143
2532,659
2532,1459
2533,473
2533,736
2533,1548
2534,433
2534,434
2534,805
2535,483
2535,1789
2535,1801
2536,135
2536,984
2537,201
2537,610
2538,1073
2538,1813
2538,1852
2538,1962
2538,1976
2539,573
2539,1345
2540,133
2541,1324
2541,1526
2542,157
2542,2087
2543,421
2543,1394
2544,2069
2545,638
2546,2192
2547,1430
2548,421
2548,946
2549,775
2549,1628
2550,175
2550,636
2550,638
2550,2127
2551,1488
2551,1942
2552,2291
2553,852
2554,469
2554,733
2554,1796
2554,1903
2554,2211
2554,2217
2555,2106
2556,159
2556,1400
2557,677
2558,159
2558,1432
2558,1451
2558,2086
2558,2094
2558,2178
2559,995
2560,641
2561,2275
2562,2020
2563,129
2563,1108
2563,1711
2563,1799
2563,2275
2564,2194
2565,46
2565,48
2565,1248
2566,25
2566,727
2566,1709
2567,1167
2568,229
2569,2240
2570,758
2571,771
2571,1067
2571,1353
2571,2189
2572,2097
2573,501
2573,503
2574,1370
2575,1464
2576,1838
2577,1307
2577,1656
2577,1951
2578,278
2578,1251
2578,1457
2579,1559
2580,1405
2581,677
2581,1521
2581,1795
2582,331
2583,288
2583,2209
2584,340
2585,2085
2586,1055
2587,169
2588,1356
2589,314
2589,952
2590,2211
2591,2167
2592,982
2593,629
2593,1856
2594,504
2594,852
2594,1503
2594,1778
2595,1379
2595,1935
2596,255
2597,467
2598,105
2599,1000
2599,1226
2600,803
2600,916
2600,1165
2601,1988
2602,41
2603,331
2604,1920
2605,1817
2606,1433
2606,1434
2607,1199
2607,1681
2607,1811
2607,1967
2608,338
2608,346
2608,406
2608,571
2608,675
2608,1007
2608,1040
2608,1251
2608,1379
2608,1381
2608,1431
2608,1683
2608,1695
2608,1808
2609,206
2610,1387
2611,1743
2612,76
2612,652
2612,754
2612,2195
2613,1152
2613,1791
2614,597
2615,145
2616,1861
2617,1658
2618,174
2619,1490
2620,380
2621,898
2622,106
2622,630
2622,993
2622,1243
2622,1540
2622,1612
2622,1709
2623,638
2624,1237
2625,102
2625,487
2625,646
2625,1719
2626,474
2626,646
2626,2102
2627,447
2628,175
2628,213
2628,2085
2629,549
2629,1883
2630,1174
2631,90
2632,1859
2633,1891
2634,102
2634,560
2634,994
2635,883
2635,1270
2635,1987
2636,1918
2637,128
2637,556
2638,134
2638,1135
2639,1531
2640,721
2641,721
2642,2186
2643,322
2643,1446
2643,2087
2644,1652
2645,1486
2646,752
2647,484
2647,1618
2648,1480
2649,893
2650,1357
2651,814
2652,1459
2652,1837
2653,1167
2654,1795
2654,2021
2655,2114
2656,915
2656,1128
2657,1551
2658,1851
2659,1748
2660,337
2661,1394
2662,1742
2663,1429
2664,1239
2665,1210
2666,706
2667,1337
2668,21
2669,220
2669,951
2670,438
2670,769
2670,828
2670,1262
2670,1712
2671,1556
2672,833
2673,653
2674,674
2675,152
2676,573
2677,133
2677,645
2677,868
2677,1796
2678,1253
2679,1970
2679,1971
2680,1438
2680,1439
2681,471
2682,1445
2683,211
2684,435
2685,1630
2686,1103
2687,152
2688,508
2688,2115
2689,1743
2690,404
2691,57
2691,648
2691,2063
2692,984
2693,1731
2694,385
2694,421
2694,678
2695,1138
2696,1505
2696,1508
2697,2203
2698,2087
2699,384
2700,209
2700,216
2700,610
2700,1226
2700,1540
2700,1868
2700,2116
2701,1773
2702,1198
2703,377
2703,654
2703,1392
2704,30
2704,342
2704,738
2704,780
2704,1181
2705,1370
2706,985
2706,1577
2706,1623
2707,658
2708,847
2709,1018
2709,1194
2709,1468
2709,1720
2710,629
2710,1133
2710,2087
2711,310
2711,1190
2712,1121
2712,1743
2713,1178
2714,830
2715,272
2715,2143
2715,2173
2716,1135
2716,1137
2717,1243
2717,1821
2718,642
2719,1583
2720,1359
2720,2006
2721,1324
2722,758
2723,758
2724,758
2725,1304
2726,1698
2727,1308
2728,1706
2728,1707
2728,1708
2729,1109
2730,628
2730,780
2730,1265
2731,607
2731,1996
2731,1997
2732,2022
2734,1477
2735,1002
2736,1655
2736,1820
2736,2271
2737,1655
2738,1128
2738,1499
2738,1924
2739,447
2740,1979
2740,1980
2741,145
2741,1448
2742,676
2743,126
2743,1290
2743,2021
2744,1098
2745,1448
2745,1449
2746,1978
2747,1154
2748,160
2748,493
2748,844
2749,1338
2750,642
2751,2084
2752,947
2753,322
2754,1226
2754,1868
2755,1687
2755,2129
2756,203
2757,692
2757,1652
2758,363
2759,310
2759,1221
2760,819
2761,2164
2762,1655
2763,976
2764,485
2764,776
2764,1298
2764,1633
2764,1798
2764,1898
2765,794
2765,1198
2765,1243
2766,1230
2767,1460
2768,1532
2768,1834
2769,628
2770,1994
2771,84
2771,416
2771,949
2772,685
2772,2192
2773,1508
2774,128
2775,1390
2776,352
2776,365
2776,370
2777,237
2777,1007
2778,1630
2779,25
2780,669
2780,1384
2781,404
2782,868
2783,317
2784,20
2784,162
2784,317
2784,673
2784,2130
2785,24
2786,24
2787,1694
2788,80
2788,1913
2788,1914
2788,1915
2788,1916
2789,1231
2789,1445
2789,1838
2790,504
2791,2234
2792,1619
2793,2171
2794,548
2795,2114
2796,1307
2796,1656
2797,1576
2798,256
2799,1188
2800,1363
2801,217
2802,2124
2803,1950
2804,38
2804,373
2804,544
2804,1226
2804,1363
2804,1868
2805,524
2806,816
2806,1847
2807,2099
2808,152
2808,471
2808,648
2808,654
2808,703
2808,1658
2808,2063
2809,249
2809,1103
2809,1970
2809,1971
2810,138
2810,471
2811,1671
2811,1978
2812,1183
2812,1683
2813,1505
2814,206
2814,705
2815,1145
2815,1146
2816,1755
2817,253
2818,1806
2819,1944
2820,1974
2821,1530
2822,1886
2823,816
2823,817
2823,1842
2823,2097
2824,885
2825,1351
2826,138
2826,1324
2826,2275
2827,317
2827,1458
2828,2228
2829,103
2829,929
2830,792
2831,1751
2832,145
2832,1121
2832,1445
2833,610
2834,747
2835,747
2835,1036
2836,514
2836,515
2837,1283
2837,2040
2838,693
2839,758
2840,1098
2841,403
2841,481
2841,1085
2842,128
2843,870
2844,848
2845,262
2846,1338
2847,1050
2848,132
2848,633
2848,1417
2848,1552
2848,1758
2849,505
2849,1462
2849,1654
2850,135
2850,984
2850,1221
2850,1324
2851,1242
2852,1433
2853,1526
2853,1978
2854,1375
2855,401
2855,402
2855,1083
2855,2095
2856,2133
2857,1007
2857,2257
2858,675
2859,258
2860,370
2861,2161
2862,1139
2863,1824
2864,2231
2865,1698
2866,70
2866,343
2866,416
2866,568
2866,962
2866,1855
2866,2051
2866,2053
2866,2267
2867,906
2868,466
2869,769
2869,1142
2869,1170
2869,1631
2869,1980
2869,2122
2870,2133
2871,1841
2872,1391
2873,1305
2873,1306
2874,258
2875,2291
2876,917
2877,821
2877,917
2878,2290
2879,1791
2880,478
2882,986
2882,1985
2883,682
2883,1135
2884,1472
2884,2106
2885,1467
2886,2082
2887,506
2888,845
2889,917
2890,2291
2891,965
2892,401
2892,402
2892,1684
2892,1896
2893,2021
2894,138
2894,1523
2895,138
2895,1946
2896,1226
2897,131
2898,1139
2899,1427
2899,1435
2899,1884
2899,2151
2901,1203
2902,1387
2903,1757
2904,959
2905,2192
2906,1049
2906,1432
2906,2094
2907,1126
2907,1865
2907,1876
2908,575
2909,386
2910,133
2911,1489
2912,1568
2913,43
2914,307
2914,1212
2914,1497
2914,2083
2915,2086
2916,2097
2917,203
2918,119
2919,1185
2920,1543
2920,1755
2921,222
2922,682
2923,1612
2924,1
2924,310
2925,2287
2926,323
2927,2106
2928,352
2928,365
2928,370
2928,454
2928,1845
2928,1884
2928,2295
2929,1904
2930,1098
2931,302
2931,325
2932,203
2932,629
2932,848
2933,2086
2934,468
2934,970
2934,1608
2935,2285
2936,217
2936,328
2936,381
2936,382
2936,1050
2936,1645
2936,1792
2936,1901
2937,28
2938,390
2939,1588
2940,2037
2941,610
2942,1414
2943,1116
2944,632
2945,963
2946,1043
2946,1498
2946,1502
2947,1020
2948,379
2948,1020
2948,1937
2949,1825
2950,25
2950,277
2950,1265
2950,1571
2951,108
2952,58
2952,2052
2952,2053
2953,25
2953,769
2953,834
2954,307
2954,1416
2954,1447
2954,1497
2955,2000
2957,1371
2957,1940
2958,1238
2959,640
2959,1653
2959,1702
2959,1911
2960,677
2960,765
2961,659
2962,142
2962,579
2962,659
2962,934
2962,987
2962,1226
2962,1246
2962,1484
2962,1692
2962,1760
2962,1893
2962,1982
2962,1983
2963,506
2963,852
2964,367
2964,1451
2965,145
2965,757
2965,1449
2965,1788
2965,1838
2966,55
2967,138
2967,369
2967,409
2968,856
2968,1544
2969,1602
2970,1305
2971,2255
2972,374
2973,583
2974,272
2974,1304
2975,213
2975,223
2976,1109
2977,1139
2978,963
2979,1135
2980,209
2980,282
2980,852
2980,862
2980,1198
2980,1300
2980,1778
2981,1694
2982,1400
2983,414
2983,993
2983,1239
2984,413
2984,1035
2984,2083
2985,2106
2986,2021
2987,1440
2988,683
2989,2109
2990,603
2991,2287
2992,1379
2993,1108
2994,1847
2995,893
2996,1582
2997,1433
2998,2242
2999,683
2999,684
3000,226
3001,145
3002,2161
3003,769
3003,770
3004,1393
3005,1150
3006,1070
3006,2040
3007,1070
3007,2040
3008,1139
3009,1090
3010,408
3010,1149
3010,1240
3010,1242
3010,1342
3010,1598
3011,840
3011,841
3012,630
3012,1242
3013,785
3013,1454
3013,1460
3013,1905
3014,1454
3015,1230
3016,331
3017,1370
3018,1995
3019,880
3019,1432
3020,295
3021,502
3022,735
3023,148
3023,2226
3024,2197
3025,1809
3026,947
3027,1970
3027,1971
3028,1050
3029,1793
3030,1201
3030,2008
3031,692
3031,954
3032,2233
3033,49
3034,1671
3035,268
3036,1944
3037,1152
3037,1581
3037,1855
3037,2149
3037,2258
3038,1196
3038,2149
3038,2258
3039,94
3040,169
3041,1676
3042,751
3042,1456
3043,1194
3044,523
3044,553
3044,1201
3044,2008
3045,1795
3046,940
3046,1360
3047,1795
3048,1255
3048,1897
3049,380
3050,297
3051,1400
3052,1579
3053,1671
3053,1891
3053,2106
3054,2019
3054,2130
3055,655
3055,2108
3056,1370
3057,431
3057,591
3057,596
3057,715
3057,1648
3058,114
3058,1149
3059,1420
3059,1983
3060,210
3061,136
3062,82
3063,1416
3064,269
3065,844
3065,1238
3065,1526
3065,1597
3066,318
3066,659
3067,1602
3068,1552
3068,1939
3069,370
3070,1488
3070,1731
3071,1241
3071,1375
3071,2018
3072,1237
3073,118
3073,1137
3073,2063
3074,1363
3075,307
3075,1324
3075,1612
3076,1405
3077,931
3078,1857
3079,1445
3079,1943
3080,630
3080,2103
3081,1790
3082,483
3083,2116
3084,427
3084,527
3084,1700
3085,2047
3086,669
3087,136
3087,1441
3088,777
3089,865
3090,92
3090,316
3091,1028
3091,2120
3092,639
3092,848
3093,2158
3094,377
3094,388
3094,1790
3095,276
3096,1259
3097,1845
3097,2237
3098,1135
3098,1154
3098,1179
3099,1510
3100,506
3101,561
3101,1352
3101,1744
3101,1920
3101,1969
3102,1171
3102,1192
3103,1806
3104,26
3105,288
3106,1642
3107,138
3107,2197
3108,226
3109,1098
3110,2149
3110,2258
3111,600
3111,1455
3111,1535
3112,1827
3113,340
3114,1095
3116,211
3116,220
3116,1661
3117,692
3118,1276
3118,2263
3119,1657
3120,483
3121,2028
3122,640
3122,814
3122,1370
3122,1372
3123,138
3123,1189
3123,1446
3124,289
3125,524
3126,1464
3127,506
3127,852
3127,2041
3128,131
3128,1212
3129,1480
3129,1526
3129,1597
3130,181
3131,771
3132,1789
3133,1255
3134,135
3134,470
3134,984
3134,993
3135,1361
3136,757
3137,682
3137,1893
3138,209
3138,1226
3139,1790
3140,1850
3141,1302
3142,1537
3143,53
3143,732
3143,1563
3144,1772
3145,1311
3146,1133
3147,1903
3148,7
3148,1546
3149,6
3149,11
3149,1852
3150,1915
3151,215
3152,1093
3153,153
3153,2003
3154,135
3154,561
3154,984
3154,1238
3155,1533
3155,1851
3156,1464
3157,886
3157,1027
3158,1864
3159,1007
3160,1970
3160,1971
3161,2098
3162,1525
3162,2104
3163,623
3163,1800
3164,1222
3164,1381
3165,664
3165,1256
3166,1289
3166,1315
3167,844
3168,359
3169,302
3169,325
3169,326
3170,732
3171,492
3172,1925
3173,898
3174,1896
3175,894
3176,106
3176,1239
3176,1248
3176,1709
3177,200
3178,282
3179,64
3179,668
3179,842
3179,981
3179,1433
3179,1877
3180,211
3181,1892
3182,1892
3183,1402
3184,654
3185,1370
3186,1139
3187,469
3188,21
3189,278
3189,1527
3190,415
3191,1254
3191,1422
3192,45
3192,264
3192,1454
3193,234
3193,1050
3193,1305
3194,1154
3195,273
3196,698
3196,949
3196,1124
3196,1134
3196,1716
3196,2273
3197,2276
3198,747
3199,416
3200,306
3200,1796
3201,466
3202,677
3202,1138
3202,1254
3203,310
3203,852
3203,1675
3203,2170
3204,423
3205,478
3206,413
3207,1841
3208,856
3209,1464
3210,769
3210,1460
3210,1522
3210,1540
3211,997
3212,1253
3213,640
3213,798
3213,1122
3214,1978
3215,439
3215,1895
3216,515
3217,1439
3218,1554
3219,2223
3220,1579
3221,682
3221,1135
3221,1138
3222,1043
3222,1499
3222,2075
3223,367
3224,613
3225,70
3226,1307
3226,1656
3227,1218
3228,795
3229,2130
3230,986
3231,1419
3231,1885
3232,2289
3233,1356
3234,860
3235,1705
3236,1492
3237,118
3237,264
3238,119
3238,791
3239,182
3240,380
3240,1938
3241,639
3242,560
3243,1842
3243,1843
3245,1631
3246,505
3246,1725
3247,1266
3248,1618
3248,1981
3249,2130
3250,466
3251,1579
3252,240
3252,940
3253,1601
3254,1817
3255,416
3255,629
3256,514
3257,252
3258,686
3259,1538
3259,2286
3260,1843
3260,2270
3261,1401
3262,2288
3263,27
3263,528
3264,368
3265,1137
3265,1138
3266,1795
3266,2186
3267,307
3267,671
3267,1447
3267,1497
3268,729
3269,1731
3270,1659
3271,1255
3272,1908
3273,364
3273,1926
3273,2181
3273,2286
3273,2292
3274,1789
3274,1889
3275,433
3275,434
3275,805
3276,1116
3277,1005
3278,1125
3278,1671
3278,2135
3279,1579
3279,1590
3280,389
3281,158
3282,674
3282,1687
3282,2129
3283,1774
3283,2020
3284,1394
3285,1106
3286,718
3287,617
3288,1394
3289,42
3289,1946
3289,2046
3290,1861
3291,1579
3292,932
3292,1792
3293,2041
3294,1937
3295,1238
3295,1526
3295,1596
3296,1140
3297,1433
3298,179
3299,1861
3300,1859
3301,685
3301,1743
3302,665
3302,882
3302,1243
3303,1706
3303,1707
3303,1708
3304,447
3305,1795
3306,1967
3307,1242
3308,1859
3308,2012
3309,849
3310,524
3311,1852
3312,113
3313,1319
3314,977
3315,2227
3316,215
3317,1564
3318,1177
3319,743
3320,393
3321,393
3322,535
3323,298
3324,1853
3325,130
3325,470
3325,960
3325,1324
3325,1796
3325,1905
3326,136
3326,848
3326,849
3327,677
3328,535
3329,309
3329,1098
3329,1324
3330,28
3331,169
3332,1676
3333,927
3334,84
3335,610
3336,2147
3337,489
3337,1221
3338,1464
3339,2290
3340,208
3340,957
3341,73
3342,7
3342,8
3343,2228
3344,208
3345,2239
3346,2119
3347,1432
3349,2150
3350,2239
3351,215
3351,222
3352,635
3352,1654
3352,1671
3352,2133
3353,323
3354,2011
3355,1202
3356,1577
3357,1787
3358,1738
3359,965
3359,1538
3359,2017
3359,2286
3360,137
3360,138
3361,58
3361,341
3362,1847
3362,1848
3363,484
3364,1133
3365,171
3365,751
3366,1249
3367,150
3367,1541
3367,1918
3368,2220
3369,535
3370,315
3371,1255
3372,1732
3373,1505
3374,1238
3375,993
3376,1255
3377,2296
3378,2171
3379,330
3380,2194
3381,549
3381,1202
3382,822
3383,1467
3383,2093
3384,1302
3385,1832
3386,2025
3387,1564
3387,1610
3388,1174
3389,473
3389,705
3390,1737
3391,608
3391,1849
3392,693
3393,27
3394,1855
3395,552
3395,1603
3395,1641
3395,1860
3396,1139
3397,1846
3398,473
3398,1487
3398,1861
3399,1400
3399,2002
3400,1834
3401,1849
3402,651
3403,1227
3404,1850
3405,1047
3406,277
3407,496
3407,1189
3408,496
3408,1167
3408,1189
3408,1531
3409,47
3410,564
3411,617
3411,1564
3411,1610
3411,1836
3412,30
3412,342
3412,738
3412,1181
3413,1001
3414,787
3414,1238
3415,318
3415,433
3415,1213
3415,1662
3415,1860
3415,2108
3415,2205
3416,513
3416,1556
3417,912
3418,1463
3419,134
3419,475
3419,1238
3419,1239
3419,1297
3419,1597
3420,2213
3421,519
3422,2271
3423,1085
3423,1593
3424,182
3425,1851
3426,133
3426,134
3426,475
3426,1375
3427,858
3428,1843
3429,1450
3430,90
3431,2228
3432,1894
3432,1895
3432,1906
3432,1907
3433,1857
3434,816
3435,1942
3436,15
3436,426
3436,846
3436,1014
3437,531
3438,531
3439,1456
3440,1859
3441,978
3442,1469
3443,272
3443,1392
3444,1226
3445,786
3445,1189
3446,959
3447,835
3448,530
3448,533
3448,1313
3448,1317
3448,1399
3448,2203
3449,1715
3450,1577
3450,1578
3451,28
3452,1052
3453,1052
3454,534
3455,1139
3456,1086
3457,986
3458,1498
3459,8
3459,9
3460,365
3460,1602
3460,1845
3461,1579
3462,1139
3463,542
3463,2206
3464,1375
3465,1583
3466,848
3467,412
3468,2231
3469,537
3470,1454
3471,1454
3472,488
3473,1098
3474,143
3474,659
3475,1737
3476,1230
3477,714
3477,2165
3478,21
3479,60
3479,61
3479,820
3480,53
3480,732
3480,842
3480,1368
3480,1970
3480,1971
3481,106
3481,133
3481,134
3481,377
3481,1053
3482,1564
3483,613
3483,614
3484,535
3485,450
3486,548
3486,868
3487,893
3488,483
3488,492
3489,69
3489,2104
3490,245
3490,470
3490,993
3490,1796
3491,685
3491,1460
3491,1743
3492,106
3492,1220
3492,1769
3493,444
3494,531
3495,847
3495,1388
3495,1854
3496,894
3497,113
3497,636
3498,2086
3499,359
3499,997
3500,925
3500,1854
3501,153
3501,271
3502,1117
3503,222
3504,184
3504,440
3504,571
3504,1222
3504,1254
3504,1472
3504,1751
3505,323
3506,1261
3506,1828
3507,490
3507,491
3507,1180
3507,1609
3507,2169
3508,314
3509,551
3509,1629
3510,1174
3511,307
3511,1497
3511,2083
3512,1564
3514,986
3515,145
3516,417
3516,579
3516,1444
3516,1760
3517,292
3517,293
3518,2086
3519,1005
3520,641
3520,1085
3521,392
3522,610
3523,1174
3524,1988
3525,288
3526,414
3526,630
3527,2020
3528,1583
3529,1252
3530,1308
3531,152
3532,1187
3533,198
3533,931
3533,1405
3533,1854
3534,136
3535,2288
3536,1154
3537,127
3537,128
3538,1123
3538,1125
3539,504
3539,505
3540,1370
3541,1731
3542,1421
3543,355
3543,1564
3544,1861
3545,143
3545,1526
3546,395
3546,497
3546,1188
3546,1627
3547,1135
3547,1137
3548,1448
3549,1237
3550,355
3551,470
3551,1789
3552,16
3552,1548
3553,265
3553,266
3553,2124
3554,1308
3554,1311
3555,1912
3556,1337
3557,1107
3558,692
3559,1992
3560,816
3561,474
3561,641
3561,1654
3561,1671
3562,1827
3563,1659
3564,333
3565,568
3565,827
3565,1855
3565,2267
3566,2285
3567,840
3567,841
3567,1905
3568,1455
3569,557
3570,1839
3572,282
3573,586
3573,1607
3573,1780
3574,693
3575,2197
3576,663
3576,943
3576,1231
3577,25
3577,1693
3578,2189
3579,134
3580,447
3580,558
3581,1154
3582,386
3583,1861
3584,136
3585,416
3585,1103
3585,1137
3586,1440
3586,2210
3587,1884
3589,1040
3589,2160
3590,1638
3591,909
3591,2031
3592,995
3593,1817
3594,671
3595,2130
3596,2063
3597,178
3598,686
3599,668
3599,842
3600,1171
3601,808
3602,918
3602,2164
3602,2165
3602,2166
3603,1462
3604,563
3604,1970
3604,1971
3605,1538
3606,1563
3606,2113
3607,1379
3608,889
3609,2278
3610,868
3611,1782
3612,569
3612,1255
3613,2167
3614,1169
3614,1737
3614,1838
3615,757
3617,1242
3618,214
3618,1390
3618,2159
3619,2036
3620,965
3621,659
3621,2138
3622,1454
3623,2106
3624,1154
3625,537
3625,2043
3626,535
3626,981
3626,1160
3626,2065
3626,2087
3627,1418
3628,1857
3629,578
3629,673
3629,1319
3630,1556
3631,981
3632,1098
3633,803
3633,852
3634,686
3635,145
3636,2192
3637,1274
3638,2263
3639,1852
3640,1749
3641,335
3642,2171
3643,1638
3644,800
3644,1845
3645,2160
3646,1239
3647,470
3647,630
3647,1709
3647,1812
3648,131
3648,1242
3648,1812
3649,1498
3650,1039
3650,1139
3651,28
3652,128
3652,556
3653,1855
3654,1773
3655,2286
3655,2291
3656,1531
3656,2286
3656,2291
3657,779
3658,1760
3659,610
3660,1929
3661,433
3661,810
3661,1348
3662,1118
3663,1849
3664,28
3665,365
3665,1098
3666,417
3666,1179
3666,2092
3667,368
3668,593
3668,1342
3669,1502
3670,539
3671,2086
3672,1618
3673,986
3674,1320
3675,442
3676,586
3677,1966
3678,594
3678,981
3679,2106
3680,2021
3681,346
3681,405
3681,1233
3681,2112
3683,1488
3683,1942
3684,60
3684,142
3684,987
3684,1159
3685,1944
3686,34
3686,1451
3687,2234
3688,949
3689,43
3689,1536
3690,21
3691,93
3692,1789
3693,28
3693,2259
3694,697
3694,2259
3695,43
3695,600
3695,1787
3696,138
3697,76
3697,754
3697,1438
3698,1526
3699,1455
3700,630
3701,602
3701,1191
3702,1188
3702,1946
3703,1370
3704,303
3704,1419
3705,605
3706,161
3707,599
3708,1304
3709,1077
3709,2021
3710,278
3710,1385
3711,380
3711,2151
3711,2296
3712,605
3712,774
3712,845
3712,1966
3713,1167
3713,1513
3713,1692
3714,1834
3715,15
3715,609
3716,310
3716,395
3716,497
3716,1795
3717,1324
3718,1357
3719,1851
3720,1319
3721,1530
3722,145
3722,1448
3723,26
3724,943
3724,1212
3724,1238
3724,2029
3725,1537
3726,1526
3727,86
3727,1861
3728,758
3728,1696
3729,1838
3730,386
3731,156
3731,2144
3732,310
3732,621
3732,1221
3733,1849
3734,45
3734,940
3734,2093
3735,1564
3736,682
3737,115
3738,2289
3739,1582
3740,137
3740,138
3741,1579
3742,1237
3743,1979
3744,125
3745,1760
3746,572
3746,2194
3747,411
3748,1579
3749,425
3749,648
3749,2013
3750,1195
3751,2259
3752,912
3753,2263
3754,1858
3755,49
3755,562
3755,650
3755,824
3756,1912
3756,1917
3757,202
3757,398
3757,708
3757,1163
3757,1895
3758,2086
3759,879
3759,984
3759,1324
3760,210
3760,418
3760,653
3760,1196
3760,1581
3761,1468
3762,2130
3763,1638
3763,2233
3764,1884
3764,2024
3765,14
3766,1152
3767,61
3767,2104
3768,1996
3769,638
3769,1779
3770,1240
3770,2091
3771,1939
3773,1239
3773,1789
3774,1796
3774,2104
3775,1564
3776,1941
3777,310
3777,872
3777,2046
3778,752
3779,752
3780,213
3780,336
3781,2109
3782,2184
3783,1248
3783,2122
3784,1711
3785,1575
3786,504
3786,1564
3787,990
3788,1471
3789,990
3790,683
3791,561
3791,623
3791,1555
3792,2099
3793,169
3794,109
3794,492
3794,680
3794,1358
3794,1442
3794,1617
3794,1724
3794,1843
3794,1844
3797,670
3798,1397
3799,2137
3800,1238
3801,45
3801,1233
3802,570
3803,33
3803,2018
3803,2133
3804,21
3805,52
3805,950
3805,1215
3805,1229
3806,1538
3807,894
3808,230
3808,705
3809,1861
3810,525
3810,2105
3811,1154
3812,1847
3813,848
3814,1839
3815,1584
3816,1852
3817,859
3818,368
3819,723
3820,1804
3821,2130
3822,1275
3822,1276
3823,1442
3824,423
3824,1442
3825,1367
3826,1324
3826,1442
3826,1658
3827,766
3828,1984
3829,1984
3830,793
3830,1263
3830,2054
3831,57
3831,648
3831,649
3831,672
3832,611
3832,848
3833,414
3834,484
3835,126
3836,580
3836,1855
3836,2052
3837,239
3837,1248
3837,2223
3838,2021
3839,1751
3840,329
3841,268
3841,769
3842,1839
3843,531
3844,323
3844,873
3845,512
3845,531
3845,567
3845,2152
3846,1586
3847,1196
3848,1474
3849,531
3850,1414
3850,1506
3850,1509
3851,1422
3852,2098
3853,213
3853,1645
3854,1944
3854,2260
3855,1964
3856,4
3856,1955
3857,735
3857,1602
3858,334
3858,471
3858,631
3858,984
3859,779
3860,29
3861,50
3861,1745
3862,1237
3863,1933
3864,1523
3865,1809
3866,346
3866,405
3867,729
3868,848
3869,264
3869,492
3869,648
3869,670
3869,731
3869,2018
3869,2133
3870,481
3870,702
3871,1070
3872,545
3873,597
3874,21
3875,934
3875,1449
3875,1450
3875,1531
3875,1532
3875,1859
3876,468
3876,1622
3876,1923
3877,1230
3878,1248
3878,1653
3878,1658
3879,138
3879,993
3879,2241
3880,108
3880,2083
3881,1311
3882,1400
3883,1576
3884,984
3884,993
3885,1731
3885,1970
3885,1971
3886,1123
3886,1125
3886,1654
3887,1418
3888,711
3888,868
3889,447
3890,447
3891,610
3892,131
3892,1001
3892,1709
3893,712
3893,1136
3893,1137
3894,1832
3895,2240
3896,2231
3897,671
3897,1723
3898,1527
3899,853
3900,1048
3900,1820
3901,115
3902,623
3904,1104
3904,1502
3904,1538
3905,1525
3906,1140
3906,2277
3907,846
3907,1547
3907,1850
3908,2051
3909,488
3910,141
3910,266
3910,628
3910,671
3910,805
3910,1495
3911,483
3911,2085
3912,809
3913,1413
3914,518
3915,1356
3916,1538
3917,1286
3918,1139
3919,57
3919,425
3919,1504
3920,984
3920,1465
3921,1223
3922,1820
3923,2021
3924,1108
3925,934
3925,1853
3926,935
3927,1025
3927,1306
3927,1312
3927,2176
3928,1793
3929,1083
3929,2095
3930,1861
3931,2164
3932,598
3933,119
3934,660
3934,683
3934,1842
3935,991
3935,1481
3935,1919
3936,1903
3937,723
3938,723
3938,724
3939,255
3940,964
3941,1315
3942,833
3942,848
3943,2105
3944,2188
3945,102
3946,148
3947,1156
3947,1329
3948,2239
3949,327
3950,1577
3950,1579
3951,1400
3952,2158
3953,1169
3954,1554
3955,2127
3956,1240
3956,2125
3957,405
3957,607
3957,1122
3957,1667
3958,1788
3958,1861
3959,743
3959,999
3959,1234
3959,1597
3960,2167
3961,2217
3962,138
3962,611
3962,1557
3963,50
3963,138
3963,1171
3963,1803
3964,46
3964,48
3964,470
3964,1709
3965,495
3965,2100
3966,307
3966,1497
3966,2215
3967,1913
3968,444
3969,2054
3970,728
3970,2083
3971,1966
3972,842
3972,1563
3973,2106
3974,882
3975,76
3975,250
3975,754
3976,385
3977,432
3977,543
3977,572
3978,1154
3979,1892
3980,501
3980,601
3981,1852
3982,1238
3983,66
3983,125
3983,537
3983,623
3983,1368
3984,1911
3985,1400
3986,284
3987,283
3987,451
3988,1451
3988,1592
3988,1662
3988,1841
3988,1858
3989,425
3989,581
3989,815
3989,1570
3990,2086
3991,2082
3992,1138
3993,1873
3994,655
3994,804
3994,808
3995,660
3996,1849
3997,777
3997,1577
3997,1579
3998,1544
3999,1824
4000,1794
4000,1825
4001,134
4001,1830
4001,2104
4002,1420
4003,8
4003,1547
4004,1367
4005,841
4005,1189
4006,848
4007,1338
4008,1139
4009,2285
4009,2287
4010,515
4011,1897
4012,719
4013,1108
4013,1927
4014,43
4014,931
4015,964
4016,1825
4017,222
4018,828
4019,1849
4020,203
4021,1732
4021,2264
4021,2265
4022,752
4023,115
4024,1454
4025,991
4025,1874
4026,21
4026,107
4027,449
4028,483
4029,706
4030,741
4030,1370
4031,1813
4031,1962
4032,2227
4033,1137
4034,277
4035,1212
4036,291
4036,882
4036,2203
4037,507
4038,1342
4039,1823
4039,2021
4040,742
4040,1360
4041,1715
4042,1592
4043,1514
4044,1451
4046,368
4046,929
4047,366
4048,112
4049,991
4049,2133
4050,2013
4051,816
4051,819
4051,1843
4051,1847
4052,90
4053,538
4053,628
4053,732
4054,1632
4055,238
4055,1804
4056,1135
4056,1154
4057,769
4057,2099
4057,2184
4058,134
4058,1135
4058,1619
4058,2110
4059,807
4059,1944
4060,674
4060,946
4061,1842
4061,2008
4062,1915
4063,970
4064,1468
4064,1638
4065,299
4066,678
4066,1395
4067,299
4067,300
4068,1263
4069,755
4069,1435
4069,2125
4070,283
4071,281
4072,87
4072,1706
4072,1708
4073,752
4074,1202
4075,283
4075,287
4075,300
4075,1689
4075,1690
4076,756
4076,1654
4077,275
4078,1519
4078,1671
4078,1773
4079,1264
4080,2211
4081,338
4082,543
4083,926
4084,1978
4085,1308
4085,2021
4086,641
4086,1239
4086,1466
4087,2108
4088,1190
4089,1602
4090,1720
4091,1221
4091,1602
4092,31
4092,308
4092,1462
4092,1624
4093,735
4094,2000
4095,2000
4096,678
4097,1125
4097,1692
4097,2234
4098,232
4098,1432
4098,2141
4099,335
4099,629
4099,1096
4100,986
4101,359
4101,1228
4101,1251
4102,385
4102,482
4102,2125
4103,216
4103,451
4105,49
4106,585
4106,1071
4106,1638
4106,1928
4106,2025
4107,1062
4107,1079
4108,460
4109,1450
4110,288
4110,297
4110,2207
4110,2209
4111,257
4112,493
4113,1145
4114,1531
4115,335
4116,374
4117,1230
4117,1237
4118,2025
4119,1238
4119,1324
4119,1726
4120,1238
4120,1324
4121,960
4122,859
4123,1367
4124,138
4125,2194
4126,1593
4127,1156
4127,1872
4128,303
4128,1048
4128,1202
4129,947
4130,1544
4131,1246
4132,1231
4133,1154
4134,1597
4135,1094
4136,1672
4137,75
4137,868
4137,2104
4138,75
4138,1242
4139,75
4139,133
4139,993
4139,1375
4140,903
4140,1375
4140,2085
4141,114
4141,679
4142,28
4143,1782
4144,1849
4145,1563
4146,488
4147,284
4148,1367
4149,769
4149,893
4150,1277
4151,987
4152,2291
4153,147
4154,483
4154,2089
4155,1931
4156,1842
4157,481
4158,445
4159,169
4160,145
4160,304
4160,1239
4161,454
4162,130
4162,139
4162,377
4162,471
4162,767
4162,1242
4163,1266
4164,1847
4165,1242
4166,984
4168,191
4168,507
4168,962
4168,989
4168,1543
4168,1975
4168,1992
4168,2051
4168,2267
4169,1324
4170,796
4170,1838
4171,138
4171,1195
4171,1555
4171,2087
4172,556
4173,215
4173,1294
4174,365
4175,802
4175,1946
4176,129
4176,227
4177,1988
4178,111
4178,469
4178,942
4179,2106
4180,1145
4180,1553
4181,643
4181,647
4181,649
4182,1806
4183,946
4184,307
4184,1497
4185,132
4185,998
4185,1480
4185,1597
4186,131
4187,138
4187,304
4187,1540
4187,1758
4187,2055
4188,1331
4189,1128
4190,1773
4191,1041
4191,1543
4192,339
4193,25
4193,1658
4194,883
4195,620
4196,387
4196,1457
4198,982
4198,1367
4198,1969
4199,57
4199,209
4199,643
4199,815
4199,842
4199,852
4199,1200
4199,1300
4199,1503
4199,1778
4199,1969
4199,2018
4199,2041
4200,264
4200,1254
4201,1729
4202,292
4202,293
4202,294
4203,1149
4203,1654
4203,1672
4204,1586
4204,1587
4204,1802
4205,213
4205,223
4206,108
4206,868
4206,1228
4206,1397
4206,1431
4206,1653
4207,81
4208,1360
4209,1743
4210,1780
4211,31
4212,1835
4213,239
4213,1254
4214,1552
4215,51
4215,238
4215,1368
4215,1742
4216,607
4216,826
4216,1243
4241,133
4241,1789
4242,46
4242,48
4242,960
4243,630
4243,826
4243,1234
4243,1242
4243,1375
4244,689
4245,995
4246,1518
4247,40
4247,630
4247,984
4248,1388
4249,890
4250,523
4250,553
4250,2008
4251,1378
4252,2081
4253,472
4254,314
4254,952
4255,1237
4255,1382
4255,1651
4256,1451
4257,658
4257,1411
4258,829
4258,1241
4259,601
4260,2148
4261,310
4261,1221
4261,1783
4262,1911
4263,1451
4264,1606
4265,1911
4266,26
4267,1903
4268,1839
4269,644
4270,1273
4270,1420
4271,1046
4271,1362
4272,2085
4273,1370
4274,1922
4275,934
4276,592
4276,1507
4277,1683
4278,717
4278,1240
4278,1443
4279,848
4280,2182
4281,535
4282,2291
4283,1776
4283,2011
4284,1522
4285,1859
4286,1038
4287,699
4287,1611
4287,1789
4288,1896
4289,232
4289,1105
4290,792
4290,1023
4290,1234
4290,1246
4291,699
4291,1324
4291,1611
4291,2063
4292,2106
4293,1161
4293,2027
4294,751
4294,1456
4295,1093
4296,365
4296,444
4296,463
4296,1086
4296,1884
4296,2183
4297,1638
4298,692
4298,1305
4298,1638
4299,1091
4299,1942
4300,106
4300,133
4301,1742
4302,865
4303,733
4304,1309
4305,2036
4306,848
4307,857
4307,1720
4308,1226
4309,1115
4310,1154
4311,514
4312,225
4313,1502
4314,1172
4315,507
4315,584
4315,989
4315,1543
4315,1581
4315,1600
4315,1908
4316,992
4317,69
4317,1640
4317,1789
4318,133
4318,1462
4318,1640
4318,2104
4319,53
4319,142
4319,987
4319,1423
4319,1526
4320,853
4320,1168
4320,2013
4321,900
4322,1644
4323,229
4323,434
4323,1081
4323,1167
4323,1531
4324,1451
4325,1349
4326,1717
4326,2206
4327,1237
4328,2051
4329,897
4330,1586
4331,1980
4332,1393
4333,44
4333,1226
4333,1868
4333,2174
4334,1457
4334,1462
4334,2127
4335,890
4336,1309
4337,45
4337,406
4338,1237
4339,1965
4340,1542
4340,1836
4341,598
4342,310
4342,871
4342,1221
4343,1911
4344,1789
4345,2048
4346,273
4347,1528
4348,1166
4349,892
4349,893
4350,2201
4351,46
4351,48
4351,1352
4351,1969
4352,2118
4352,2284
4353,550
4353,630
4353,1242
4354,628
4355,126
4355,998
4356,1230
4357,1804
4358,1474
4359,1079
4360,856
4362,2229
4363,374
4363,1237
4364,2138
4365,2189
4366,1208
4366,1265
4367,2147
4368,2197
4369,85
4369,1168
4370,268
4371,1203
4372,89
4372,1449
4372,1856
4373,2122
4374,135
4374,747
4374,1036
4374,2214
4375,862
4376,1603
4378,1526
4379,751
4379,1456
4380,1277
4380,1296
4380,1297
4380,1424
4381,1720
4381,2186
4382,1720
4383,1851
4383,1857
4384,935
4385,1379
4386,1699
4387,70
4388,70
4389,865
4390,1387
4391,226
4392,1302
4393,400
4393,1038
4394,1738
4395,1378
4395,1574
4395,1862
4395,1899
4396,1688
4397,2097
4398,1856
4399,1947
4400,930
4401,518
4402,531
4403,1305
4403,1813
4404,1832
4404,1845
4405,715
4406,1393
4407,133
4407,357
4409,141
4409,868
4409,2104
4410,57
4410,1352
4410,1970
4410,1971
4411,70
4411,659
4411,1168
4411,1218
4411,1367
4411,1691
4412,67
4412,419
4412,642
4412,836
4412,842
4413,448
4413,449
4414,108
4414,127
4414,535
4414,960
4415,1789
4416,806
4417,1788
4418,1490
4419,181
4420,338
4421,481
4422,652
4422,2195
4422,2198
4423,2168
4424,1255
4425,385
4425,1671
4425,2106
4426,858
4427,1772
4428,55
4428,564
4429,1709
4430,492
4430,680
4431,535
4431,1748
4431,2034
4432,848
4433,470
4433,630
4433,2034
4433,2187
4434,1964
4435,133
4435,868
4436,392
4436,1334
4436,2183
4437,1080
4437,1451
4438,106
4438,422
4438,1465
4439,483
4440,1715
4441,1370
4442,252
4442,892
4443,1881
4443,2218
4444,847
4445,2211
4446,2133
4447,630
4448,972
4449,314
4450,69
4450,1252
4450,1731
4450,2013
4451,288
4452,840
4452,841
4453,253
4454,1359
4454,2287
4455,1806
4456,1243
4457,654
4458,1851
4459,584
4459,1908
4460,462
4460,2046
4461,258
4462,258
4462,979
4462,980
4462,1151
4463,1672
4464,2212
4465,483
4465,788
4465,1749
4466,1852
4467,610
4468,1005
4469,365
4470,226
4471,613
4471,1564
4472,177
4472,423
4473,1154
4474,897
4474,1221
4475,1221
4475,2225
4476,1212
4476,1244
4477,657
4477,676
4477,1531
4477,1833
4477,2108
4478,71
4479,335
4479,1851
4480,2242
4481,514
4481,515
4481,859
4481,1688
4482,1857
4483,2227
4484,1121
4484,1277
4484,1445
4484,1594
4484,1598
4485,549
4486,2001
4487,1174
4488,1247
4489,383
4489,908
4489,1064
4489,1938
4490,73
4491,314
4491,952
4492,31
4493,1538
4494,1095
4495,238
4495,304
4495,1800
4496,61
4497,683
4498,48
4498,192
4498,492
4498,868
4499,63
4499,1179
4500,229
4500,434
4500,735
4500,1081
4500,1531
4501,1433
4502,1464
4503,1020
4504,219
4504,851
4504,1371
4504,1998
4505,329
4505,1655
4505,2271
4506,1490
4507,1692
4507,2234
4508,1475
4509,1691
4510,243
4510,1524
4510,1734
4511,581
4512,1793
4513,751
4514,464
4514,687
4515,1252
4515,1671
4516,2020
4517,573
4517,1157
4517,1381
4517,1479
4518,1850
4518,1859
4519,2178
4520,1314
4521,1098
4522,232
4522,1309
4523,1556
4524,476
4524,492
4524,681
4524,1106
4524,2080
4525,630
4525,984
4526,145
4526,1788
4527,1692
4527,1747
4528,1602
4529,226
4530,225
4531,1803
4532,1721
4533,473
4534,1551
4535,1634
4536,1255
4537,1274
4537,1510
4537,1673
4537,2193
4538,347
4539,2239
4540,1370
4541,1243
4542,361
4543,184
4543,643
4543,706
4543,894
4543,983
4543,1038
4544,1939
4545,999
4545,1789
4545,1821
4546,2041
4547,1306
4547,1316
4547,2178
4548,218
4548,2178
4549,1430
4550,1371
4551,833
4552,1940
4553,1027
4554,1825
4555,404
4556,2022
4557,1230
4557,2172
4558,1502
4558,1537
4558,2075
4559,1867
4560,413
4562,1709
4562,1750
4563,641
4564,1230
4565,1233
4566,112
4566,1960
4567,235
4567,1267
4567,1484
4568,1593
4569,368
4569,1841
4570,122
4570,161
4570,242
4570,973
4570,994
4571,161
4571,789
4572,180
4573,211
4573,485
4574,1451
4574,2038
4575,1242
4576,227
4576,1043
4576,1831
4577,1276
4578,371
4579,470
4579,1021
4579,1248
4580,1713
4581,1944
4581,2077
4582,1564
4582,1833
4583,430
4584,1785
4585,1559
4586,30
4586,342
4586,738
4586,1173
4586,1261
4586,1355
4587,692
4588,266
4588,346
4588,428
4588,674
4588,1687
4589,1169
4590,374
4591,1944
4592,573
4592,1240
4593,1116
4594,1137
4595,835
4596,417
4597,411
4598,1305
4598,1310
4599,343
4599,827
4599,1992
4600,545
4601,1586
4602,540
4603,266
4604,447
4605,284
4606,1561
4607,689
4608,1169
4609,377
4609,419
4609,837
4609,1632
4610,1912
4610,1917
4611,310
4611,346
4612,1226
4612,2174
4613,421
4614,818
4615,1634
4615,2203
4616,564
4617,179
4618,766
4618,1137
4619,423
4620,1936
4621,1221
4622,1803
4623,953
4624,1970
4624,1971
4625,361
4625,2017
4626,686
4626,1123
4627,422
4628,63
4628,1380
4628,1614
4629,1931
4630,780
4630,2096
4631,630
4631,984
4631,2083
4632,313
4633,352
4633,365
4633,409
4633,662
4633,1838
4634,1522
4635,470
4635,726
4636,45
4637,1897
4638,329
4639,682
4639,1729
4640,2211
4641,1304
4642,190
4643,1523
4643,1720
4644,41
4645,1390
4647,482
4648,1226
4649,117
4649,2022
4650,192
4650,941
4650,1447
4651,1457
4651,2022
4652,1478
4653,470
4653,1970
4653,1971
4654,46
4654,48
4654,192
4654,630
4654,936
4654,1709
4655,1135
4656,1141
4657,1857
4658,1932
4658,1950
4659,2186
4660,537
4660,1137
4660,1386
4661,2289
4661,2290
4662,1392
4662,1843
4662,2049
4662,2073
4663,157
4663,1789
4664,1537
4664,1629
4665,1912
4666,518
4667,869
4667,1318
4667,1902
4667,1912
4668,1448
4669,14
4669,1370
4670,480
4671,1441
4672,548
4672,791
4672,1526
4673,1709
4674,689
4675,1806
4676,951
4677,1078
4679,801
4679,1078
4679,2131
4679,2188
4680,1309
4681,1871
4682,937
4682,1194
4682,1720
4683,1489
4684,559
4685,495
4686,335
4687,2082
4688,688
4689,685
4690,835
4691,136
4691,1654
4691,1752
4692,2178
4693,844
4693,995
4693,1747
4694,1109
4695,1901
4696,1239
4696,1752
4696,1789
4697,1304
4698,256
4699,1486
4700,1258
4700,1480
4701,467
4702,565
4703,424
4703,425
4704,77
4704,101
4704,486
4704,1637
4705,900
4706,208
4707,137
4707,138
4708,2287
4709,474
4709,1469
4709,1887
4709,1888
4710,461
4710,1232
4710,1254
4711,147
4711,275
4711,991
4712,1939
4713,375
4713,2008
4714,832
4714,1441
4715,1441
4716,488
4717,813
4718,2201
4719,1230
4720,1847
4721,1433
4722,479
4722,1167
4723,195
4723,1449
4724,143
4724,145
4725,215
4726,2122
4727,803
4728,137
4728,1795
4728,2087
4729,1108
4730,1486
4731,1715
4732,676
4732,1795
4733,119
4733,1170
4733,1618
4733,1672
4734,1541
4734,1918
4735,1806
4736,322
4736,1363
4736,1795
4736,2021
4737,1363
4738,253
4739,162
4739,898
4740,215
4741,1967
4742,722
4743,1694
4744,822
4744,1108
4745,1311
4746,1808
4747,901
4747,1820
4748,460
4749,179
4749,1026
4750,1759
4751,1920
4752,1609
4753,1156
4754,35
4754,1745
4755,678
4755,1762
4756,1947
4757,1209
4758,1644
4759,365
4759,370
4759,1162
4759,1788
4760,306
4760,1190
4761,506
4761,852
4761,1703
4761,2041
4762,1789
4762,1978
4763,571
4763,1682
4764,133
4764,868
4764,1056
4765,1056
4766,354
4766,2228
4767,832
4768,69
4769,248
4769,1170
4769,1758
4769,1773
4770,898
4771,893
4772,893
4773,1711
4773,2275
4774,961
4774,1380
4775,962
4775,2051
4776,1653
4777,1889
4778,1882
4779,69
4779,116
4779,457
4779,541
4779,791
4779,1373
4780,704
4781,566
4782,1350
4783,1270
4784,1698
4785,1809
4786,600
4786,1714
4786,1975
4786,2052
4787,374
4788,1351
4789,1036
4790,1657
4791,1401
4791,1457
4791,2133
4791,2137
4792,1137
4793,685
4793,2192
4794,1460
4795,547
4796,133
4796,135
4797,1017
4797,1400
4798,1148
4798,1746
4799,1526
4800,1728
4801,1846
4802,145
4803,1547
4804,1538
4804,2017
4805,1984
4806,337
4807,1457
4808,1857
4809,1311
4810,1392
4810,1632
4811,1740
4812,1857
4813,1238
4814,743
4815,743
4815,1239
4815,1564
4816,689
4816,1242
4817,1464
4818,1315
4818,1387
4818,2057
4819,848
4820,976
4821,976
4822,1272
4823,1400
4824,1946
4825,251
4825,256
4826,833
4827,327
4828,193
4828,1527
4829,143
4829,145
4830,682
4830,1135
4830,1179
4830,2168
4831,137
4831,996
4832,1564
4832,1788
4833,1141
4834,2021
4835,1259
4836,143
4837,163
4838,151
4839,2056
4840,1385
4841,1385
4842,2125
4843,194
4843,428
4843,1004
4844,1231
4845,1368
4846,1556
4847,2188
4848,546
4848,947
4849,1530
4850,97
4850,247
4850,324
4850,1008
4850,1599
4850,1626
4850,1838
4851,1522
4852,1141
4853,1150
4854,570
4855,184
4855,983
4855,1570
4856,2106
4857,411
4858,1115
4859,322
4859,1720
4859,1838
4860,390
4861,1262
4862,2257
4863,29
4863,666
4863,732
4863,1668
4864,1944
4865,220
4865,1430
4866,220
4866,1430
4867,51
4867,1417
4867,1759
4868,1541
4868,1691
4868,2274
4869,1901
4870,1603
4871,1391
4872,1759
4873,47
4873,1857
4874,1359
4875,431
4876,460
4877,595
4878,8
4878,12
4878,14
4878,1546
4878,1547
4879,1526
4880,1834
4880,1861
4881,305
4881,805
4881,1054
4882,1838
4883,304
4883,868
4883,1034
4883,1367
4884,458
4884,459
4884,1986
4885,1946
4886,1314
4886,2086
4887,2291
4888,1092
4889,1037
4889,2168
4890,1849
4891,2227
4892,1319
4893,1565
4894,1738
4895,628
4896,1183
4897,1897
4898,1988
4899,265
4900,1385
4900,1995
4901,1455
4902,1706
4903,1400
4904,302
4905,1254
4906,752
4907,2242
4908,1851
4909,53
4910,869
4910,1106
4911,1944
4912,182
4913,1916
4914,2233
4915,1137
4916,2138
4917,1067
4918,84
4919,1438
4919,2182
4920,894
4921,1620
4922,1480
4923,1243
4923,1244
4923,1630
4923,2104
4924,1237
4924,1896
4924,1905
4925,964
4925,968
4926,805
4927,1485
4927,1537
4927,1538
4927,2220
4928,1378
4929,780
4930,1398
4931,421
4932,149
4932,309
4933,1508
4934,413
4934,424
4935,1749
4936,1706
4936,1708
4937,298
4937,300
4937,451
4937,2008
4938,302
4938,325
4938,326
4939,2275
4940,1305
4941,1212
4941,1244
4942,309
4942,854
4942,1407
4943,1863
4944,518
4945,289
4946,505
4947,127
4947,424
4948,162
4949,231
4949,1076
4950,255
4951,1853
4952,1859
4953,30
4953,757
4953,1282
4953,1285
4954,515
4956,1098
4957,1627
4958,1405
4959,1179
4959,1434
4960,677
4961,64
4962,1040
4964,2197
4965,740
4966,620
4967,301
4968,1939
4969,1939
4970,1305
4970,1937
4971,1978
4972,218
4972,220
4972,1391
4973,1139
4974,64
4974,440
4974,1033
4975,838
4975,2138
4976,1773
4977,309
4978,847
4978,1327
4979,505
4980,610
4981,180
4982,136
4982,1441
4983,934
4983,1982
4984,1693
4985,2257
4986,947
4987,447
4987,1930
4988,93
4989,733
4990,131
4990,919
4990,1242
4990,2085
4991,1310
4992,2151
4993,85
4994,85
4994,492
4994,2021
4995,1563
4995,1903
4996,467
4996,680
4997,1869
4998,1262
4999,779
5000,1803
5001,1857
5002,1308
5003,417
5003,1308
5004,337
5005,272
5005,1202
5006,1775
5007,1202
5007,1392
5007,2049
5008,175
5009,686
5010,2105
5010,2202
5011,975
5012,864
5013,345
5014,715
5015,659
5016,43
5017,1905
5018,992
5019,777
5020,50
5021,1729
5021,1845
5022,95
5022,1772
5023,975
5023,1772
5024,935
5025,1433
5026,467
5027,2
5027,1845
5028,1478
5029,1231
5030,948
5031,149
5031,2243
5032,1438
5032,1896
5033,198
5033,311
5033,431
5033,598
5033,832
5033,1089
5034,136
5034,1088
5034,1441
5035,119
5036,1827
5037,514
5037,515
5038,1446
5039,514
5039,515
5040,1446
5041,365
5041,454
5041,1845
5041,2295
5042,514
5042,515
5043,1885
5044,409
5045,329
5045,848
5045,852
5046,965
5047,1584
5047,2028
5048,1222
5049,1978
5050,131
5050,1222
5051,1465
5052,1850
5053,613
5054,514
5054,515
5054,1252
5054,1296
5054,1730
5054,1731
5054,1733
5054,2063
5055,514
5055,515
5056,657
5057,659
5057,1450
5058,555
5059,1592
5059,1765
5060,929
5061,1740
5062,316
5063,928
5063,1544
5064,833
5065,206
5065,1642
5065,2020
5066,460
5066,1538
5066,2169
5067,406
5068,1538
5068,2289
5069,451
5070,410
5070,640
5070,1372
5070,1891
5071,96
5072,920
5072,1919
5073,393
5074,1305
5076,56
5077,122
5077,161
5077,644
5077,1445
5077,2010
5077,2182
5078,56
5078,129
5078,236
5078,2256
5079,129
5079,1140
5080,1098
5080,2094
5081,56
5082,56
5083,1226
5083,1305
5083,1652
5084,1789
5086,401
5086,494
5087,1711
5087,2275
5088,1658
5089,832
5089,848
5089,1429
5090,407
5090,1009
5091,2010
5092,69
5093,1286
5093,2279
5093,2294
5094,234
5094,1359
5095,1730
5095,1733
5096,538
5096,1730
5096,1733
5097,81
5098,933
5098,1737
5099,1230
5100,2037
5101,1141
5102,1362
5103,192
5104,848
5105,58
5105,378
5105,507
5105,969
5105,989
5105,1992
5105,2266
5106,1274
5106,1510
5107,1631
5108,482
5109,1139
5110,865
5110,1521
5111,856
5112,46
5112,48
5113,506
5114,163
5115,163
5116,2183
5117,528
5117,529
5118,1795
5119,54
5119,195
5120,2223
5121,500
5121,501
5122,1081
5122,1127
5123,118
5124,295
5125,137
5125,322
5125,1189
5125,1803
5125,2087
5126,181
5126,186
5126,1131
5126,1269
5127,317
5128,987
5128,1881
5129,1653
5130,141
5130,483
5130,1495
5130,1496
5131,141
5131,993
5131,1243
5133,1537
5134,492
5134,659
5134,1314
5135,1238
5136,327
5137,1979
5138,1582
5139,1773
5140,1084
5141,2093
5142,1257
5143,1253
5143,1267
5144,1315
5145,1230
5145,2126
5146,848
5147,770
5148,770
5149,2291
5150,310
5150,1195
5151,108
5152,1773
5153,1414
5153,1903
5154,424
5155,1100
5155,1463
5156,1575
5157,1575
5158,1334
5159,1745
5160,1537
5161,333
5162,93
5163,145
5163,1905
5164,153
5165,386
5166,1873
5167,1238
5168,630
5169,1965
5170,1052
5171,368
5172,1133
5173,483
5174,2287
5175,1865
5175,1867
5176,1809
5177,777
5178,1967
5179,1216
5180,235
5180,637
5180,1147
5180,1484
5181,483
5181,1001
5182,622
5182,683
5183,479
5183,1849
5184,942
5185,840
5185,841
5186,1308
5187,2293
5188,1135
5189,73
5190,963
5191,2149
5191,2258
5192,2137
5193,2146
5194,292
5194,300
5194,451
5195,1139
5196,1597
5197,28
5198,1224
5198,1231
5199,1538
5199,1733
5199,2219
5199,2220
5200,1115
5201,411
5201,776
5201,814
5202,2229
5203,1539
5204,1381
5205,306
5205,868
5206,877
5206,1970
5206,1971
5207,1153
5207,1230
5207,1768
5208,273
5209,732
5210,1203
5211,2106
5212,1564
5212,2025
5213,554
5213,1918
5214,554
5214,645
5214,2106
5215,185
5215,477
5215,582
5215,1119
5215,1944
5215,2079
5216,314
5217,615
5217,616
5217,617
5217,1610
5218,18
5218,538
5219,2127
5220,277
5221,1432
5222,2076
5223,483
5223,1128
5223,1871
5224,658
5225,1863
5226,1947
5227,1967
5228,1570
5229,575
5230,1469
5231,413
5232,538
5232,539
5232,839
5233,859
5234,1748
5235,53
5235,104
5235,732
5235,1138
5235,1164
5235,1228
5235,1260
5236,553
5237,1586
5238,910
5238,1646
5238,1936
5238,2296
5239,689
5240,1219
5241,2082
5242,1440
5243,175
5243,1225
5243,1779
5243,1870
5243,2127
5244,630
5245,133
5246,1980
5247,1057
5247,1949
5248,2148
5249,718
5250,14
5250,846
5250,1526
5251,1424
5252,2134
5253,213
5253,336
5253,1390
5253,1901
5253,1966
5254,1731
5255,148
5256,661
5256,662
5256,1030
5257,677
5257,720
5257,1662
5257,1860
5257,1863
5258,1139
5259,540
5259,1142
5259,1170
5260,1806
5261,604
5261,814
5262,1706
5262,1708
5263,1505
5264,2057
5265,24
5266,693
5267,1216
5268,1970
5268,1971
5269,138
5270,472
5271,540
5272,947
5273,715
5274,1530
5275,1202
5276,1706
5276,1708
5277,1001
5277,1123
5277,1125
5277,1148
5277,1730
5277,1733
5277,1746
5277,2133
5278,1450
5278,1456
5279,1339
5280,1202
5281,2183
5283,210
5283,216
5283,1370
5284,1820
5285,1402
5286,1460
5287,1230
5288,573
5289,894
5290,488
5290,1206
5290,1841
5291,885
5292,1851
5293,1861
5294,1370
5295,1238
5296,1457
5297,1947
5298,1857
5299,825
5299,1257
5300,2196
5301,90
5301,600
5301,931
5302,1535
5303,374
5303,2124
5303,2174
5304,863
5304,990
5305,1967
5306,1027
5306,2255
5307,886
5308,1044
5310,846
5311,636
5312,1609
5313,1563
5314,1154
5314,2133
5315,538
5315,628
5315,1819
5316,2021
5317,681
5318,1448
5319,1001
5320,812
5321,696
5322,579
5322,934
5323,1793
5324,519
5324,1732
5325,541
5326,286
5326,297
5326,2014
5327,1853
5328,841
5329,1311
5330,215
5330,303
5331,1966
5332,985
5333,1274
5334,617
5334,618
5334,1564
5334,1610
5334,1835
5335,611
5335,1226
5335,1868
5335,2116
5336,138
5336,495
5336,561
5337,1367
5338,306
5338,868
5338,1769
5339,114
5339,1564
5339,1769
5340,1654
5340,1671
5340,1769
5340,2104
5341,471
5341,1238
5341,1789
5342,847
5343,531
5344,2133
5345,1230
5346,1671
5346,1773
5347,96
5347,298
5347,2209
5348,2133
5349,2255
5350,1842
5350,1847
5351,212
5351,356
5351,1440
5352,148
5353,13
5354,1512
5355,62
5355,528
5355,1212
5355,1709
5356,3
5356,779
5356,981
5357,782
5357,981
5358,1242
5358,2085
5359,133
5359,134
5359,960
5359,1484
5360,940
5360,1031
5360,2093
5361,630
5362,1949
5363,169
5364,447
5365,241
5365,559
5365,1283
5366,1364
5367,883
5367,1691
5368,522
5369,1145
5369,1226
5370,366
5370,1098
5371,502
5371,1429
5372,295
5373,239
5374,852
5375,1489
5376,735
5376,1845
5377,1740
5378,1244
5378,1760
5378,2090
5379,983
5379,1007
5379,1472
5379,1764
5380,610
5381,1122
5382,127
5382,648
5382,1949
5383,927
5384,182
5385,1416
5386,499
5386,597
5386,1344
5386,1471
5387,2158
5388,197
5388,409
5389,471
5390,78
5390,187
5390,1573
5390,2076
5390,2078
5391,1362
5392,283
5393,1413
5394,1731
5395,454
5395,807
5395,1761
5396,149
5396,1012
5397,630
5398,17
5398,267
5398,1308
5398,2009
5399,460
5400,148
5401,1162
5402,1759
5403,676
5403,1838
5404,1324
5404,1347
5405,9
5405,14
5405,1549
5406,1955
5407,460
5407,1226
5407,1692
5408,378
5409,852
5410,1162
5411,865
5411,1849
5412,191
5412,600
5412,962
5412,989
5412,1975
5412,1992
5412,2051
5412,2053
5412,2262
5413,195
5414,148
5415,484
5415,748
5416,479
5416,1167
5417,1293
5417,1448
5417,1857
5418,318
5418,1493
5419,45
5419,1942
5420,1857
5421,143
5421,1861
5422,1098
5423,370
5424,318
5425,1094
5426,433
5427,1167
5428,1218
5428,2133
5429,1226
5430,843
5430,2013
5431,1058
5431,1529
5431,1606
5432,1922
5433,1097
5433,1417
5433,1558
5434,2192
5435,776
5435,1849
5435,2142
5436,1403
5437,366
5437,934
5438,735
5439,718
5439,1268
5440,1240
5440,1675
5440,2108
5441,368
5442,1366
5442,1849
5443,1861
5444,1562
5445,1305
5447,1564
5448,1462
5449,554
5450,211
5451,1859
5452,2015
5453,579
5454,934
5455,282
5457,272
5457,363
5457,378
5457,506
5457,507
5457,852
5457,969
5457,1315
5457,1478
5457,1973
5457,2050
5458,45
5458,940
5458,1013
5458,2093
5459,277
5459,2201
5460,429
5460,1429
5461,1067
5462,1905
5463,2109
5464,138
5464,413
5464,2021
5465,46
5466,1094
5467,181
5468,992
5469,1168
5469,2013
5470,1526
5471,366
5472,828
5473,934
5474,366
5475,1850
5476,934
5477,848
5478,1295
5479,807
5480,1606
5481,1401
5482,61
5482,1431
5482,1447
5483,500
5483,2162
5484,500
5484,501
5485,147
5486,2211
5487,894
5488,894
5489,102
5489,1231
5489,1613
5490,1563
5490,2116
5491,1190
5492,360
5492,769
5492,842
5493,2167
5494,370
5494,1433
5495,520
5495,1137
5496,465
5496,1194
5496,1635
5496,1795
5496,2023
5497,1789
5497,1812
5498,1727
5499,2106
5500,676
5501,424
5501,541
5501,1233
5501,1244
5501,1303
5501,2021
5502,671
5503,1441
5504,1237
5505,483
5505,1763
5506,1489
5507,1742
5508,2239
5509,1721
5510,630
5511,1583
5512,1475
5513,852
5513,1557
5514,1885
5515,1857
5516,2084
5517,1583
5518,272
5518,1392
5518,1857
5519,440
5520,1154
5521,1634
5521,1951
5521,2055
5522,179
5523,1842
5523,1847
5524,1858
5525,2086
5526,1430
5528,1195
5528,1795
5529,135
5529,470
5529,984
5530,842
5531,163
5532,21
5533,1808
5534,1850
5535,1824
5536,1794
5537,169
5538,1794
5539,751
5539,1456
5540,1723
5541,803
5541,1473
5541,1990
5542,1362
5543,931
5544,1609
5545,241
5546,868
5547,1915
5548,598
5548,601
5548,1648
5548,1787
5549,1970
5549,1971
5550,1403
5551,1403
5552,846
5553,1905
5553,2056
5554,161
5555,241
5556,1094
5557,506
5558,2200
5559,50
5559,263
5559,1378
5559,1950
5560,208
5561,256
5562,1139
5562,1336
5563,272
5563,1383
5563,1437
5564,418
5565,137
5565,1221
5566,2028
5567,633
5567,647
5567,649
5567,815
5567,1442
5568,500
5569,777
5569,1577
5569,1579
5570,46
5570,48
5570,1325
5571,579
5571,630
5571,934
5571,1760
5571,1982
5571,1983
5572,1098
5573,1339
5573,1760
5574,2031
5575,1255
5577,2291
5578,1340
5578,1564
5579,147
5579,1693
5579,1723
5580,1417
5580,1759
5581,847
5581,1388
5582,1331
5582,1332
5583,82
5584,1106
5585,254
5585,259
5586,965
5586,966
5586,967
5586,1359
5586,2291
5587,1842
5588,1795
5588,2062
5589,2212
5590,225
5591,2206
5592,1234
5593,2178
5594,1129
5594,1343
5594,1597
5594,2089
5595,2133
5596,581
5596,1493
5597,224
5598,1098
5599,248
5600,848
5601,2101
5602,1484
5603,29
5604,152
5605,2284
5605,2291
5606,71
5607,1150
5608,743
5608,1243
5608,1789
5609,1107
5609,1354
5610,731
5611,351
5611,1891
5612,478
5613,80
5613,1680
5613,1912
5613,1914
5613,1915
5614,676
5614,885
5615,137
5615,138
5615,2087
5616,659
5617,1658
5617,1878
5618,45
5618,1220
5618,2203
5619,1939
5620,1788
5621,37
5621,373
5621,1197
5621,1554
5622,1740
5622,1834
5622,1846
5622,1850
5623,2089
5624,2228
5625,1078
5626,1078
5627,386
5628,1103
5629,47
5630,298
5631,1891
5631,1949
5632,2192
5633,1216
5634,1538
5635,1988
5636,329
5636,852
5636,1228
5637,338
5638,1518
5639,220
5639,222
5639,1430
5640,1167
5641,447
5641,1442
5642,435
5642,1396
5642,1678
5643,2083
5643,2104
5644,1967
5645,450
5646,991
5646,1255
5646,1426
5646,2192
5647,294
5648,96
5648,120
5649,1606
5650,470
5651,289
5651,1417
5652,9
5653,180
5654,607
5654,645
5654,737
5654,1438
5654,1531
5654,1564
5654,1863
5655,1562
5656,1552
5657,820
5657,987
5657,1324
5657,2083
5658,208
5659,2291
5660,1563
5660,2082
5661,1852
5662,1154
5663,1135
5663,1179
5664,81
5665,1530
5666,367
5666,865
5667,433
5668,1867
5669,1418
5670,377
5670,993
5671,238
5671,535
5671,1731
5672,1288
5673,1418
5674,682
5674,2230
5675,607
5675,1789
5675,2283
5676,93
5676,624
5677,302
5677,396
5677,1158
5677,1450
5677,1832
5678,83
5678,1204
5678,1845
5678,1956
5678,2025
5678,2295
5679,846
5680,1785
5681,1732
5682,57
5682,264
5682,648
5682,1442
5682,1968
5683,325
5684,53
5684,732
5685,1861
5686,1228
5687,1167
5688,143
5688,145
5689,1461
5690,2017
5691,416
5692,2099
5693,1944
5694,814
5694,1723
5694,1724
5695,46
5695,48
5696,46
5696,48
5696,982
5697,982
5699,106
5701,1816
5701,1971
5702,318
5702,659
5702,1449
5703,1565
5704,474
5705,76
5705,754
5706,137
5707,209
5707,611
5707,1226
5707,1867
5707,2117
5708,315
5709,747
5710,416
5711,884
5712,683
5712,1431
5712,1695
5713,181
5714,494
5714,630
5715,1005
5716,644
5717,913
5717,1098
5718,1944
5719,1477
5720,773
5720,1978
5721,70
5721,1106
5721,2132
5722,499
5723,999
5723,1023
5723,1234
5723,1526
5723,1597
5724,1414
5725,1593
5725,2156
5726,1219
5726,1853
5727,1748
5728,2164
5728,2166
5729,1392
5730,2082
5731,93
5732,1552
5732,2261
5733,1372
5733,1374
5734,1647
5735,2100
5736,733
5737,1389
5738,574
5739,133
5739,1701
5740,1822
5741,886
5741,1702
5741,2244
5742,312
5742,1482
5742,2136
5742,2206
5743,1617
5744,66
5744,72
5744,670
5744,731
5745,1477
5745,1526
5745,1997
5745,2065
5746,1253
5747,1808
5748,192
5748,235
5748,1447
5748,1462
5749,1575
5750,1617
5751,401
5751,402
5751,991
5752,366
5753,112
5754,1672
5754,2082
5755,1237
5756,2276
5757,704
5757,1457
5758,1858
5758,2293
5759,1720
5760,761
5760,1172
5761,129
5762,389
5763,1555
5764,2211
5765,121
5765,209
5765,852
5765,1112
5765,1476
5765,2191
5766,683
5767,447
5768,1321
5768,1995
5768,2185
5769,822
5770,1561
5771,1486
5772,45
5772,630
5772,876
5773,81
5774,229
5775,1167
5775,1531
5776,1167
5776,1531
5777,195
5778,141
5778,483
5778,1442
5778,1495
5778,1586
5778,1650
5779,479
5780,1139
5781,951
5781,1430
5782,1430
5783,215
5784,951
5785,1198
5785,1735
5786,135
5786,984
5787,611
5787,848
5787,849
5787,1787
5788,78
5788,183
5788,190
5788,875
5788,939
5789,2216
5790,502
5790,1429
5791,600
5791,1535
5792,15
5793,1448
5793,1861
5794,1947
5795,1130
5795,1368
5795,1431
5795,2133
5796,472
5797,1238
5798,993
5799,129
5799,1059
5800,625
5800,1221
5801,1448
5801,1459
5802,1905
5803,41
5804,1311
5804,1949
5805,143
5806,138
5806,292
5806,295
5807,1790
5808,284
5808,1201
5808,2008
5809,211
5810,1083
5810,2095
5811,1978
5812,1518
5813,487
5814,2125
5815,2296
5816,1311
5817,630
5820,1094
5821,218
5822,1568
5823,1627
5824,390
5825,1834
5826,1073
5827,792
5828,1661
5829,1195
5830,2028
5831,2130
5832,700
5832,2130
5833,2130
5834,175
5836,887
5837,163
5837,164
5837,165
5838,1161
5839,960
5839,984
5840,419
5840,837
5840,1629
5841,611
5841,840
5841,841
5842,208
5843,1178
5844,1824
5845,248
5846,1794
5846,1825
5846,1826
5846,2284
5847,982
5848,1967
5849,757
5850,1477
5851,1516
5852,1108
5852,1627
5852,1692
5852,1946
5853,1979
5854,138
5854,306
5854,2083
5855,1182
5856,138
5856,1468
5857,1135
5857,1137
5858,498
5858,1913
5859,2106
5860,1843
5860,1847
5861,15
5862,1873
5863,414
5863,648
5863,649
5863,1243
5863,1526
5863,1597
5864,478
5865,2211
5866,2211
5867,15
5867,365
5867,1548
5867,1564
5868,54
5868,1450
5868,1849
5869,2271
5870,641
5870,1840
5870,1978
5871,172
5871,1228
5871,1483
5871,2196
5872,1657
5873,467
5874,1538
5875,588
5875,589
5875,850
5875,1005
5875,1006
5876,678
5877,93
5877,1944
5878,106
5879,778
5879,1252
5879,2036
5880,1970
5880,1971
5881,868
5881,1206
5882,483
5883,1103
5883,1748
5884,66
5884,72
5885,2199
5886,380
5886,1655
5887,380
5887,1820
5887,1900
5888,2289
5889,1106
5890,1576
5891,840
5891,841
5892,1138
5893,1055
5894,1576
5895,1576
5896,1238
5897,675
5897,1896
5898,492
5898,940
5898,1589
5899,1628
5900,423
5901,136
5902,1150
5902,1791
5903,1841
5904,1441
5905,2119
5906,610
5907,771
5907,1067
5908,771
5908,1067
5909,2161
5910,257
5911,1432
5912,401
5912,402
5913,7
5913,14
5913,15
5913,1853
5914,1547
5914,2107
5915,1527
5915,1776
5916,2123
5916,2124
5917,1288
5918,1867
5919,1425
5920,1304
5921,970
5922,535
5922,1934
5923,535
5923,1808
5924,776
5925,1478
5926,1279
5926,2278
5926,2280
5926,2281
5926,2282
5927,274
5927,279
5927,1432
5927,2004
5927,2290
5928,235
5929,2075
5930,1441
5931,927
5932,2288
5933,66
5933,538
5933,1619
5933,1969
5934,24
5935,782
5936,1167
5937,2036
5938,516
5939,1588
5940,1711
5941,861
5942,1455
5943,1211
5944,1538
5944,2250
5945,641
5945,993
5945,1243
5945,1671
5946,639
5947,1142
5947,1170
5947,1301
5948,2293
5949,2271
5950,1720
5951,124
5952,391
5952,545
5952,1686
5952,1884
5953,537
5953,649
5953,659
5953,1226
5953,1785
5953,2018
5954,1392
5955,2133
5956,1808
5957,1931
5958,769
5959,1743
5960,2048
5961,359
5962,1629
5963,1036
5964,133
5964,1970
5964,1971
5965,113
5966,132
5966,998
5966,1242
5966,1488
5967,179
5968,2211
5969,327
5969,403
5970,127
5970,749
5971,346
5971,402
5971,405
5971,852
5971,2112
5972,946
5973,576
5973,1787
5974,576
5974,1978
5975,1636
5975,1787
5976,1139
5976,1636
5977,2083
5978,1850
5979,1743
5980,1745
5980,2068
5981,1938
5982,2021
5982,2039
5983,1949
5984,390
5985,642
5985,842
5985,1265
5985,1401
5985,2020
5985,2049
5986,253
5987,33
5988,1305
5989,1098
5990,1292
5991,204
5992,1638
5993,1638
5994,1638
5995,1103
5996,1196
5997,2255
5998,393
5998,1139
5999,1779
6000,1779
6001,1007
6002,516
6003,63
6004,54
6005,413
6006,433
6007,102
6008,180
6008,1305
6009,1649
6009,1720
6010,437
6010,777
6010,1578
6010,1590
6011,2025
6012,1203
6013,304
6013,628
6013,1465
6013,1800
6014,1095
6015,1258
6015,1730
6015,1733
6016,627
6016,694
6016,1062
6016,2246
6017,2037
6018,499
6019,499
6019,914
6020,205
6020,686
6021,1712
6022,1156
6023,2085
6024,1850
6025,145
6025,929
6026,1855
6027,1843
6028,1114
6029,2287
6030,2286
6031,1043
6032,965
6032,2291
6033,460
6033,1538
6033,2017
6034,449
6034,1071
6034,2017
6034,2169
6035,1538
6036,206
6037,74
6037,1083
6037,1084
6038,2291
6039,660
6040,472
6040,657
6040,660
6040,1449
6040,1740
6040,1834
6041,1849
6042,411
6043,411
6044,483
6045,659
6046,1809
6047,30
6047,342
6047,738
6047,1173
6047,1614
6048,21
6049,669
6050,828
6050,1242
6050,1262
6050,1435
6050,1477
6050,1605
6051,1742
6052,1139
6053,1138
6053,1154
6053,1377
6054,581
6054,643
6054,648
6054,649
6054,730
6054,815
6054,1005
6054,1258
6054,1621
6054,1630
6054,1730
6054,1733
6054,1968
6054,2295
6055,605
6055,845
6055,1005
6055,1669
6056,2133
6057,1660
6058,1550
6059,834
6060,23
6060,422
6060,1404
6060,1663
6061,535
6062,1561
6063,1789
6064,1789
6065,499
6065,1429
6066,541
6067,1661
6068,832
6069,1467
6070,1442
6071,524
6071,1123
6071,1745
6071,2133
6072,1060
6072,1451
6072,1771
6073,1305
6074,2105
6075,64
6075,981
6075,1001
6075,1647
6076,734
6077,1302
6078,651
6078,1381
6079,1499
6080,686
6081,1670
6081,2089
6082,33
6082,1414
6082,1415
6082,1507
6082,1903
6083,178
6083,1809
6084,2084
6085,268
6085,362
6085,769
6086,5
6087,131
6087,265
6087,943
6087,1212
6088,488
6089,127
6090,137
6090,2021
6091,1559
6092,1460
6093,222
6094,331
6095,1526
6095,1555
6096,867
6096,1953
6097,685
6097,834
6098,982
6099,849
6100,1745
6101,499
6102,1219
6103,779
6103,1108
6104,400
6105,848
6105,1441
6106,136
6106,832
6106,849
6107,1441
6108,447
6109,1805
6110,1385
6111,180
6111,895
6111,1692
6111,1722
6112,1526
6112,1602
6113,263
6114,779
6115,422
6115,1070
6116,223
6117,223
6118,128
6118,1167
6119,2206
6120,1498
6120,1502
6121,1448
6122,1083
6122,2095
6123,233
6123,814
6123,1050
6123,1372
6123,1629
6123,1951
6123,2055
6124,1979
6125,386
6126,1970
6126,1971
6127,1661
6128,683
6129,1255
6130,1448
6131,455
6132,2192
6133,404
6133,1352
6133,1920
6133,1969
6134,209
6134,852
6135,1731
6136,385
6136,1741
6137,162
6138,1809
6139,1556
6140,1825
6141,1237
6142,1418
6143,739
6144,543
6145,1362
6146,148
6147,141
6147,1495
6148,1817
6149,1489
6149,1847
6150,1498
6150,1568
6151,623
6152,331
6152,1515
6153,1947
6154,468
6154,970
6154,1283
6154,1424
6154,1622
6154,1923
6155,2109
6156,2109
6157,696
6158,833
6158,1061
6158,1253
6159,133
6159,511
6159,630
6159,868
6160,686
6161,1251
6161,1695
6162,1988
6162,2208
6163,317
6163,673
6164,1101
6165,1842
6166,260
6167,5
6167,2223
6168,2160
6168,2164
6168,2165
6169,1441
6170,2119
6172,760
6172,1540
6173,2133
6174,834
6174,1697
6175,570
6176,1851
6177,106
6177,470
6178,2287
6179,1922
6180,642
6181,927
6182,182
6182,517
6182,1944
6182,2077
6183,868
6184,1932
6185,1135
6186,1527
6187,683
6188,2028
6189,1523
6190,1235
6190,1870
6191,1706
6191,1708
6192,1093
6193,1843
6193,1847
6194,816
6195,570
6196,102
6196,1485
6197,447
6198,752
6199,318
6199,1851
6200,1521
6201,1705
6202,2097
6203,1755
6204,1620
6205,2285
6206,673
6206,1458
6207,374
6207,2174
6207,2175
6208,48
6208,630
6208,1970
6208,1971
6209,223
6210,310
6210,1221
6211,1103
6211,1672
6212,1554
6213,346
6214,1082
6214,1141
6215,65
6215,68
6216,163
6216,164
6217,119
6217,362
6217,791
6217,1072
6218,464
6218,1881
6219,642
6219,675
6219,1040
6220,1505
6221,2021
6222,965
6222,1108
6223,1523
6224,680
6224,1120
6224,1122
6224,1617
6224,1675
6225,2277
6226,686
6226,1138
6226,1505
6226,2099
6227,2086
6228,82
6228,981
6228,1952
6229,143
6230,846
6231,921
6231,988
6231,1438
6231,1488
6231,1643
6232,166
6232,167
6232,168
6232,757
6232,1184
6232,2165
6233,2212
6234,21
6234,874
6235,99
6235,486
6235,2098
6236,377
6237,130
6238,1721
6239,261
6239,1736
6239,1944
6240,1402
6241,1338
6242,481
6242,1208
6242,1265
6243,57
6243,59
6243,142
6243,987
6243,999
6243,1159
6243,1629
6243,1893
6244,521
6244,1276
6244,2025
6245,1189
6246,303
6247,1139
6247,2255
6248,1965
6249,1252
6249,2055
6250,1922
6251,2018
6251,2087
6252,1469
6253,885
6254,1400
6255,500
6256,496
6256,1010
6256,1795
6256,1803
6257,1739
6257,1944
6258,642
6258,842
6259,506
6259,1087
6259,1667
6259,1685
6260,1145
6261,1793
6262,912
6263,386
6264,1464
6264,1874
6265,1397
6266,1750
6267,68
6268,1422
6269,1445
6270,1441
6271,426
6271,1564
6272,658
6272,1849
6273,90
6274,36
6274,1853
6275,1218
6275,1413
6276,565
6277,1218
6277,1691
6278,470
6278,471
6278,1242
6279,1568
6279,1944
6280,473
6281,654
6282,1743
6283,1747
6284,1747
6285,1920
6286,1435
6287,1098
6288,1708
6289,816
6289,819
6290,1221
6291,1079
6292,1424
6293,1911
6294,69
6294,1558
6294,2013
6294,2104
6294,2188
6295,1970
6295,1971
6296,769
6296,2184
6297,2018
6298,19
6298,1232
6299,161
6300,191
6300,600
6300,1543
6300,1714
6301,466
6302,1988
6303,1113
6303,2274
6304,1027
6305,803
6305,1990
6306,180
6307,26
6308,1710
6309,478
6309,1233
6310,147
6311,651
6312,514
6313,654
6313,757
6314,990
6315,1154
6316,211
6316,217
6316,228
6316,549
6316,2236
6316,2268
6317,1937
6318,1148
6319,752
6320,1148
6320,1746
6321,652
6321,1036
6322,408
6323,88
6323,1107
6324,1196
6325,1912
6325,1917
6326,253
6327,965
6328,1528
6328,1625
6328,1845
6329,257
6329,258
6329,259
6329,779
6330,81
6331,545
6331,1335
6331,1766
6333,1571
6333,1773
6334,1108
6335,844
6336,446
6337,506
6338,1889
6339,1451
6340,288
6340,450
6340,1688
6341,2066
6342,1859
6343,1378
6344,1108
6345,1070
6345,2040
6346,1401
6347,1194
6348,1221
6349,195
6349,526
6349,1167
6349,1205
6349,1531
6349,1832
6350,1850
6352,431
6352,595
6352,1441
6353,130
6353,414
6354,270
6354,927
6354,1291
6355,132
6355,408
6355,1242
6356,1492
6357,1604
6357,1855
6358,686
6358,1135
6359,294
6360,947
6362,1933
6363,1139
6364,704
6364,1221
6364,1627
6364,1770
6365,283
6366,629
6367,444
6367,545
6368,265
6368,1093
6368,1161
6369,1933
6370,938
6371,217
6371,282
6371,852
6372,1972
6372,1974
6373,917
6374,1566
6375,610
6375,852
6376,902
6376,1615
6376,1676
6377,2284
6378,792
6379,792
6379,1234
6379,1243
6379,1595
6380,434
6380,805
6381,1073
6382,1698
6383,123
6383,1434
6384,64
6384,82
6384,1665
6385,565
6386,2043
6387,1720
6388,1706
6389,685
6390,2082
6391,841
6392,2130
6393,1390
6394,195
6394,1452
6395,1301
6395,2016
6396,1842
6397,138
6398,1468
6398,2087
6399,114
6399,1238
6400,1848
6401,1824
6402,931
6403,1135
6404,685
6405,1560
6406,1568
6407,1562
6407,1859
6408,395
6409,130
6409,139
6409,960
6409,1239
6409,1777
6409,1789
6409,1889
6410,29
6410,53
6410,66
6410,538
6410,628
6410,732
6410,1730
6410,1733
6410,2054
6411,340
6412,2242
6413,1106
6414,1302
6415,318
6416,790
6416,861
6416,2202
6416,2276
6417,986
6418,2108
6421,807
6422,1897
6422,1911
6423,1257
6424,133
6425,46
6425,48
6426,351
6427,1433
6428,884
6429,1564
6430,519
6431,1684
6431,1896
6432,1676
6432,2105
6434,1219
6437,1784
6438,752
6439,1526
6440,2028
6441,2050
6442,1795
6443,1773
6444,115
6444,1353
6444,1634
6444,2163
6446,860
6446,1308
6446,1846
6447,1448
6448,686
6449,1773
6450,1364
6450,1455
6452,569
6453,1138
6455,718
6456,141
6456,1495
6457,2153
6458,114
6459,929
6460,1167
6461,1051
6462,1324
6463,586
6464,225
6465,1123
6465,1125
6465,1628
6465,2112
6465,2133
6466,500
6467,218
6468,1806
6469,841
6469,1305
6469,1652
6469,1718
6470,662
6471,1234
6471,1242
6471,1243
6473,450
6474,1355
6475,2106
6476,51
6476,1417
6477,400
6478,1451
6479,1139
6480,927
6481,1460
6481,1810
6482,1202
6482,1552
6483,2291
6484,1154
6485,478
6486,481
6486,1238
6487,1106
6488,1228
6488,1375
6488,1472
6489,763
6489,1238
6490,1612
6491,953
6492,1167
6493,110
6493,127
6493,1526
6493,2104
6494,862
6495,945
6495,1556
6495,2072
6496,2146
6497,1867
6498,2133
6499,53
6500,8
6500,1569
6501,439
6501,554
6501,1070
6501,1477
6502,450
6502,1139
6502,1323
6502,2043
6502,2204
6504,654
6505,545
6506,2209
6507,970
6507,1211
6507,2228
6508,882
6509,866
6510,2089
6511,284
6511,2008
6513,1253
6514,82
6515,2017
6516,2025
6517,1166
6518,29
6518,154
6518,397
6518,407
6518,539
6518,672
6518,1373
6518,1822
6519,64
6519,981
6520,82
6520,1001
6521,82
6522,1576
6523,62
6523,1480
6524,905
6525,762
6525,1760
6526,630
6526,1011
6526,1526
6526,1597
6527,1755
6528,630
6528,1789
6529,1157
6530,55
6530,532
6530,1948
6531,1970
6531,1971
6532,483
6532,844
6532,1612
6533,438
6533,580
6533,1443
6534,1562
6535,405
6536,472
6537,211
6537,485
6538,1675
6539,453
6539,455
6540,1465
6541,1464
6542,143
6542,144
6542,677
6542,1459
6543,624
6544,31
6544,308
6544,348
6544,1003
6544,1141
6545,414
6545,940
6546,1128
6547,1849
6550,991
6550,2093
6551,1750
6552,62
6552,304
6552,732
6552,1074
6552,1750
6553,64
6553,82
6554,1916
6555,1243
6556,62
6557,1266
6558,1042
6558,1194
6559,678
6559,792
6559,2085
6560,1245
6561,1334
6562,116
6562,1229
6563,1653
6564,393
6565,1965
6566,1183
6567,677
6568,1327
6569,1262
6570,403
6570,1672
6570,1844
6571,914
6572,258
6573,280
6573,953
6574,365
6574,1720
6574,1836
6575,1913
6575,1915
6575,2134
6576,1337
6577,1772
6578,47
6579,931
6580,1150
6581,208
6582,402
6582,428
6582,633
6582,690
6582,911
6583,1429
6584,2290
6585,2197
6585,2290
6586,1793
6587,651
6587,1098
6588,1222
6588,1381
6588,1546
6588,1547
6589,2149
6589,2258
6590,1200
6591,1218
6592,216
6592,675
6592,1005
6592,1007
6592,1226
6592,2190
6593,816
6594,1627
6595,220
6595,1391
6595,1918
6596,331
6596,1515
6597,1861
6598,510
6599,1490
6599,1672
6599,2082
6600,28
6600,848
6601,681
6601,1066
6601,1315
6602,1157
6603,1469
6604,1454
6604,1597
6604,1838
6605,994
6605,1255
6606,630
6607,2296
6608,1978
6609,645
6610,861
6611,840
6611,841
6612,2201
6613,2146
6614,893
6615,982
6616,408
6616,1238
6616,1361
6617,345
6617,642
6617,668
6617,971
6617,2049
6618,1564
6619,1305
6619,1310
6620,47
6621,972
6622,1978
6623,1461
6624,819
6625,732
6626,1729
6627,226
6628,113
6628,1265
6628,1267
6628,1957
6628,2160
6630,472
6631,31
6631,1113
6632,2028
6634,406
6635,1135
6635,1137
6636,91
6636,678
6636,1167
6637,691
6638,1530
6639,389
6639,923
6639,1474
6640,433
6641,9
6641,1547
6641,1548
6642,1230
6642,2222
6643,1942
6643,2221
6644,1255
6644,1457
6644,1672
6645,865
6645,1851
6646,2005
6647,952
6648,1474
6649,493
6649,1614
6649,2249
6650,2084
6651,1360
6652,2289
6654,56
6655,549
6656,248
6656,275
6656,1170
6657,1827
6658,169
6659,835
6659,1919
6660,791
6661,835
6661,1919
6662,413
6663,303
6664,613
6664,616
6664,1564
6664,1835
6666,138
6666,292
6666,319
6666,1328
6667,196
6667,234
6667,814
6667,1050
6667,1309
6667,1372
6667,2097
6668,196
6668,1410
6668,1871
6668,2094
6670,1081
6671,118
6672,413
6672,814
6673,362
6673,1601
6674,1083
6674,1299
6674,2095
6675,1533
6676,834
6677,220
6677,924
6677,1517
6678,1901
6679,43
6680,1083
6680,2095
6681,133
6681,1412
6682,1220
6683,1412
6683,1465
6684,1219
6685,2284
6685,2287
6686,50
6686,1756
6687,385
6687,652
6687,1355
6687,1486
6687,2125
6688,1083
6688,2095
6689,1135
6690,238
6690,327
6690,1355
6690,1475
6691,514
6692,317
6693,1986
6694,1238
6694,1324
6694,1664
6695,2290
6696,1564
6697,298
6697,299
6697,2042
6697,2145
6698,292
6698,293
6698,300
6698,2042
6698,2145
6699,2251
6700,1920
6702,316
6703,540
6703,1743
6704,204
6704,803
6705,72
6706,1149
6707,362
6707,540
6707,1139
6707,1758
6708,1099
6708,1143
6708,1639
6709,2085
6711,1537
6712,1702
6713,855
6713,1172
6713,1494
6716,1564
6716,1956
6716,2025
6717,600
6718,752
6720,223
6720,224
6721,136
6722,1144
6722,1755
6722,1776
6723,2183
6724,1333
6725,819
6726,927
6726,1861
6726,2253
6727,1083
6727,2095
6728,41
6729,848
6730,1556
6731,2057
6732,894
6733,265
6733,2235
6734,835
6736,272
6736,1315
6736,1891
6736,2057
6736,2233
6737,1226
6738,63
6738,776
6738,1685
6739,573
6741,2047
6742,2291
6743,662
6743,929
6744,145
6745,255
6746,209
6746,852
6746,1300
6746,1503
6746,1778
6746,2041
6747,2082
6748,315
6748,982
6748,1170
6749,255
6750,1451
6751,1139
6752,137
6752,1098
6752,1838
6753,1601
6754,1867
6755,2036
6756,1394
6757,423
6757,2064
6758,138
6758,1675
6758,1838
6758,1880
6759,1706
6759,1707
6759,1708
6760,258
6761,2147
6762,479
6763,1867
6764,2155
6765,1825
6766,1825
6767,1638
6768,321
6768,1137
6768,1385
6769,2125
6770,515
6771,2106
6772,565
6773,1405
6774,823
6775,630
6775,1230
6777,203
6777,428
6777,494
6777,784
6777,942
6780,371
6780,441
6780,1691
6780,1977
6781,2296
6782,1559
6783,1437
6784,759
6784,776
6785,1657
6786,2106
6787,1533
6788,1209
6789,1870
6790,1528
6792,1400
6793,1449
6794,1857
6795,409
6795,2252
6796,1815
6796,1827
6796,2130
6797,418
6797,1196
6799,965
6800,1262
6802,1414
6803,268
6803,1252
6803,1919
6804,1361
6805,2211
6806,416
6806,2192
6807,1632
6808,127
6808,333
6808,1597
6808,1942
6809,1368
6810,522
6811,522
6812,606
6812,1167
6813,1125
6813,2184
6814,852
6814,1199
6815,2196
6816,2196
6817,1521
6818,401
6818,464
6818,1996
6818,1997
6818,1999
6819,1654
6820,1966
6821,416
6822,737
6823,1387
6824,509
6824,1988
6824,1989
6824,1993
6826,1238
6827,1144
6827,1820
6827,2011
6828,1465
6829,2278
6829,2279
6830,480
6831,264
6831,750
6831,1212
6831,1220
6831,1360
6831,1417
6831,1821
6832,410
6832,435
6832,1103
6832,1122
6832,1672
6832,1843
6832,1844
6832,1889
6832,1891
6833,184
6833,571
6833,706
6833,713
6833,956
6834,1502
6835,1789
6836,29
6836,420
6836,837
6836,891
6837,1007
6838,1135
6838,1154
6839,1796
6840,181
6841,126
6841,1612
6842,1853
6842,2070
6843,545
6844,229
6844,419
6844,434
6844,734
6844,812
6844,837
6844,1081
6844,1451
6844,1528
6844,1531
6845,1447
6845,1807
6846,126
6846,376
6847,2086
6848,64
6848,2297
6849,478
6850,1233
6851,325
6851,326
6851,1716
6852,1889
6853,350
6854,1937
6855,964
6856,2022
6857,2069
6858,148
6860,1007
6861,9
6862,349
6862,482
6862,896
6863,1931
6864,1702
6865,133
6865,1996
6865,1997
6865,1999
6865,2035
6866,118
6866,993
6866,2035
6866,2065
6867,495
6867,1165
6867,1322
6868,337
6868,455
6868,808
6870,683
6870,991
6871,586
6873,1938
6874,2229
6875,2022
6876,368
6878,1510
6882,2269
6883,1792
6884,1491
6885,1075
6885,1400
6886,298
6886,299
6886,1644
6887,1236
6888,1315
6890,138
6890,246
6890,377
6891,410
6891,640
6891,1083
6891,1891
6891,2095
6921,1092
6922,1454
6922,1672
6922,2104
6923,658
6923,1449
6924,363
6925,2129
6926,1409
6926,1835
6927,1045
6928,1409
6928,1857
6929,539
6930,849
6931,680
6931,1022
6931,1212
6931,1238
6931,1617
6932,1564
6933,657
6933,1861
6934,680
6934,1063
6935,1449
6936,1602
6936,1838
6937,479
6938,1944
6939,1838
6940,1788
6941,496
6941,497
6943,1941
6944,858
6946,834
6947,1658
6947,1840
6948,1371
6949,1296
6950,1984
6951,412
6952,752
6953,170
6953,768
6953,1677
6953,1721
6954,1936
6955,2255
6956,1244
6957,27
6957,528
6957,1236
6958,791
6959,934
6960,343
6960,1019
6962,1245
6963,285
6964,137
6964,561
6964,1195
6965,1302
6966,2276
6967,175
6967,184
6967,983
6967,1226
6967,1540
6968,1257
6969,138
6969,1620
6969,2021
6970,630
6970,1958
6971,367
6971,1832
6971,1841
6972,1526
6973,964
6974,1433
6975,2195
6976,1441
6977,1436
6977,1613
6977,2010
6978,1332
6978,1970
6978,1971
6980,1175
6980,1176
6980,1178
6980,1330
6980,1585
6980,2044
6980,2045
6981,1772
6982,2146
6982,2293
6983,1434
6984,1135
6984,1137
6984,2033
6985,1489
6986,917
6986,2086
6987,886
6988,917
6989,2048
6990,467
6991,176
6991,1453
6991,2277
6992,964
6992,2139
6993,1827
6994,729
6995,1337
6996,322
6996,1189
6996,1795
6997,147
6997,840
6997,841
6997,1723
6998,39
6998,344
6998,651
6998,1414
6998,2199
6998,2257
6999,1199
7000,2127
7001,955
7002,278
7003,253
7005,1901
7006,1284
7006,1400
7007,1262
7007,1773
7008,1745
7009,81
7010,1277
7011,662
7013,506
7014,1171
7015,858
7015,2007
7016,574
7017,995
7017,1742
7018,722
7019,997
7020,1619
7021,290
7021,293
7021,2058
7021,2209
7022,316
7023,1773
7024,783
7024,995
7024,1324
7025,1919
7026,1357
7027,451
7028,677
7028,737
7028,842
7028,1265
7028,1531
7029,53
7029,732
7030,1083
7030,2095
7031,483
7031,1183
7031,2061
7032,61
7032,1370
7032,2059
7034,1579
7035,338
7036,2037
7037,1758
7038,438
7038,1326
7038,1524
7038,2067
7039,782
7040,1796
7040,2184
7041,1745
7041,1921
7042,1891
7043,752
7044,1463
7046,1857
7047,456
7047,734
7047,1832
7047,2060
7048,367
7049,253
7050,322
7050,2021
7051,1908
7052,1628
7052,2134
7053,1265
7054,1554
7055,408
7056,894
7057,1556
7058,2242
7059,1449
7060,56
7060,1107
7060,1432
7060,2094
7061,1276
7062,372
7062,1152
7062,1155
7062,1186
7062,2030
7063,57
7063,648
7063,649
7063,815
7063,1467
7063,1861
7063,1968
7064,466
7065,505
7065,506
7066,706
7066,707
7067,155
7067,315
7067,982
7067,1123
7068,683
7068,984
7068,2071
7069,1754
7069,1773
7070,1305
7071,163
7072,386
7073,858
7074,282
7074,393
7075,293
7075,344
7075,404
7075,419
7075,837
7075,842
7075,891
7075,1460
7075,1750
7075,2020
7076,560
7077,184
7077,199
7077,571
7077,958
7077,983
7078,1822
7078,1919
7079,1334
7080,1850
7081,318
7081,1861
7082,154
7082,397
7083,998
7085,154
7085,397
7085,581
7086,965
7086,1315
7087,314
7087,952
7088,519
7089,1729
7089,1940
7089,2263
7090,1655
7091,270
7091,811
7091,927
7093,195
7094,1530
7095,2192
7096,1743
7097,466
7098,522
7099,444
7099,529
7100,78
7100,181
7100,188
7100,190
7100,394
7100,590
7100,1132
7100,1565
7100,1572
7100,2224
7100,2245
7101,78
7101,190
7101,1572
7101,2077
7102,82
7103,570
7104,600
7104,709
7104,1797
7104,2031
7105,460
7106,424
7106,1016
7107,1949
7108,1857
7109,1509
7110,1588
7112,5
7113,5
7114,45
7115,2128
7115,2160
7116,848
7117,953
7119,1561
7120,136
7120,849
7121,1139
7122,1919
7123,1869
7124,412
7125,2290
7126,848
7126,1405
7127,49
7128,56
7128,232
7128,234
7128,411
7128,1951
7129,878
7129,1563
7130,1157
7131,779
7132,486
7132,668
7132,1433
7133,977
7134,386
7135,1972
7135,1974
7136,965
7137,577
7137,1492
7138,1148
7138,1746
7139,337
7140,900
7141,1949
7142,257
7143,106
7143,1465
7144,2028
7146,1420
7148,2291
7149,41
7151,1474
7152,438
7153,47
7154,610
7154,1511
7155,1638
7156,1847
7158,10
7158,1547
7159,519
7160,639
7161,899
7161,1944
7162,1851
7162,1857
7163,7
7164,1167
7164,1786
7165,1113
7166,2054
7167,339
7167,1270
7168,1863
7169,1198
7170,351
7171,106
7172,351
7174,389
7174,1299
7174,1704
7175,213
7176,1645
7177,379
7177,1904
7179,140
7180,1288
7181,1152
7182,1286
7182,2247
7183,133
7183,145
7185,1534
7185,1564
7185,1612
7186,639
7187,1400
7188,1855
7189,186
7190,601
7191,964
7192,1561
7193,1376
7193,1905
7194,798
7195,1217
7195,2248
7196,782
7196,949
7197,2106
7198,683
7198,2133
7199,1137
7199,2154
7200,535
7200,2154
7201,1182
7202,100
7203,1137
7204,1069
7204,1997
7205,1792
7206,925
7206,1853
7207,203
7207,1843
7207,1844
7207,2288
7208,1139
7208,2157
7209,1103
7210,1394
7210,1732
7211,1226
7212,667
7212,884
7213,1400
7214,303
7215,317
7216,1083
7216,1278
7216,1299
7216,2095
7216,2111
7217,215
7218,834
7218,2192
7219,2291
7220,1087
7220,1384
7220,1667
7220,1685
7220,1885
7221,1087
7221,1384
7221,1667
7222,1083
7222,2095
7223,1087
7223,1384
7223,1667
7223,1685
7223,1885
7224,244
7224,695
7224,1931
7225,1632
7227,1456
7228,1305
7229,595
7229,832
7229,1441
7230,275
7230,587
7230,634
7230,1679
7230,1818
7230,2254
7231,598
7231,601
7231,847
7231,1389
7231,1786
7231,1853
7232,368
7232,1788
7232,1834
7233,1178
7234,990
7234,1591
7234,1928
7235,1824
7236,1885
7237,537
7237,1230
7238,450
7238,1139
7239,1533
7240,1373
7241,401
7241,402
7241,848
7241,885
7242,2167
7243,2167
7244,2167
7245,537
7245,991
7245,2082
7245,2085
7245,2167
7247,366
7247,934
7248,410
7248,1315
7248,1372
7249,410
7249,640
7249,852
7249,1315
7249,1372
7249,1891
7249,2140
7249,2203
7249,2233
7250,1198
7251,253
7252,2148
7253,1579
7254,213
7254,218
7254,1371
7254,1584
7255,808
7256,1535
7257,1584
7258,657
7258,1846
7259,574
7259,845
7259,1144
7259,1408
7259,1494
7259,1666
7259,2011
7260,497
7261,2106
7262,680
7263,431
7264,1073
7265,431
7266,1791
7267,1029
7267,1362
7268,1845
7269,844
7270,45
7270,1220
7270,1360
7271,1852
7272,1139
7273,331
7274,1655
7275,1508
7276,713
7277,1526
7277,1602
7278,460
7279,1307
7279,1656
7280,283
7280,1688
7280,1690
7281,2263
7282,371
7283,57
7283,425
7283,793
7283,995
7283,1504
7283,2203
7285,1422
7287,1982
7288,62
7289,1139
7290,423
7290,479
7291,676
7291,1767
7293,1846
7294,1577
7295,32
7296,472
7297,359
7298,1087
7298,1384
7298,1667
7299,1827
7300,1068
7301,1036
7302,70
7303,374
7303,1381
7303,1442
7304,2031
7305,29
7305,2123
7307,1266
7308,350
7309,890
7310,858
7310,1892
7310,1895
7311,769
7312,1137
7313,408
7314,990
7315,1556
7316,1218
7317,1149
7317,1447
7317,1654
7317,1671
7317,1814
7318,108
7318,1619
7318,1789
7318,1879
7319,990
7320,1533
7320,1856
7321,1856
7322,26
7322,657
7322,1832
7323,79
7323,116
7324,403
7324,1085
7324,1843
7324,1844
7325,965
7326,480
7327,1663
7328,1216
7329,686
7329,725
7330,46
7330,108
7330,133
7331,565
7332,1400
7333,1327
7334,50
7335,1849
7336,560
7336,1297
7337,1304
7338,1835
7339,1879
7340,6
7340,15
7340,1548
7341,1240
7341,2285
7343,1835
7343,1947
7344,1751
7345,221
7345,223
7345,2177
7346,1850
7347,7
7348,1462
7348,1879
7349,127
7349,1821
7349,1879
7350,135
7350,984
7350,1879
7351,1154
7352,48
7352,1653
7352,1879
7352,1970
7352,1971
7353,1859
7354,115
7355,686
7355,1753
7356,1305
7357,1305
7358,1853
7359,479
7360,618
7360,922
7360,1568
7360,1720
7360,1836
7361,493
7361,691
7361,1341
7362,1474
7363,207
7363,1193
7363,1680
7363,1912
7363,1913
7363,1914
7363,1915
7363,1917
7364,350
7365,1489
7366,677
7366,1459
7366,1841
7367,314
7367,952
7368,173
7368,670
7370,1305
7371,1320
7372,1838
7373,831
7373,1845
7374,894
7375,683
7375,1032
7376,845
7377,2048
7379,1740
7380,626
7380,1720
7381,1338
7382,1808
7382,2255
7383,1370
7384,1226
7385,68
7386,143
7386,145
7386,1692
7387,329
7387,2272
7388,329
7388,1161
7389,1369
7389,2189
7391,822
7392,1552
7393,659
7394,72
7394,202
7394,407
7394,1009
7394,1287
7395,482
7396,1941
7397,1870
7398,27
7399,1027
7400,1847
7402,1582
7403,1264
7404,1950
7405,1094
7406,98
7406,944
7406,1406
7406,1520
7406,1616
7406,2147
7408,779
7409,1793
7411,2086
7412,1362
7412,1954
7413,21
7414,126
7414,1954
7415,100
7415,2098
7416,1311
7417,139
7417,1955
7418,209
7418,1226
7418,1540
7418,2116
7419,1911
7419,2161
7420,1365
7420,1500
7420,1501
7420,1545
7420,1567
7420,2074
7420,2075
7420,2238
7421,1873
7422,654
7423,1857
7424,239
7424,362
7424,540
7424,791
7424,1873
7425,134
7425,1896
7425,2106
7426,1831
7426,2075
7427,142
7427,981
7427,999
7427,1234
7427,1959
7428,981
7428,1959
7429,1829
7429,2085
7430,211
7430,320
7430,485
7430,808
7430,1280
7430,1346
7431,657
7431,1449
7432,1413
7433,1850
7434,605
7434,1005
7435,1577
7436,1540
7437,848
7438,393
7439,814
7439,1050
7439,1951
7440,136
7441,825
7442,132
7442,1373
7443,2196
7444,454
7444,455
7445,659
7446,987
7446,1465
7446,1564
7447,1944
7447,1961
7448,1692
7449,468
7450,950
7450,1229
7450,1755
7450,1909
7451,138
7451,812
7451,1493
7452,2234
7453,368
7453,1448
7453,1459
7453,1493
7454,2146
7454,2147
7455,1230
7456,2189
7457,145
7457,595
7457,601
7458,735
7459,368
7459,434
7459,735
7459,737
7459,1528
7459,1531
7459,1788
7460,310
7461,2200
7462,179
7463,284
7464,129
7464,1437
7465,443
7465,1510
7466,955
7467,1185
7468,1634
7469,598
7470,2087
7471,496
7472,1655
7473,2087
7474,446
7475,991
7475,1919
7476,1070
7477,169
7478,2040
7479,1148
7479,1746
7480,1988
7481,446
7482,306
7482,753
7482,799
7482,1212
7483,978
7484,894
7484,1341
7484,1614
7484,1747
7485,912
7486,1107
7487,289
7488,100
7489,1486
7490,779
7490,797
7490,1978
7491,1788
7492,821
7493,1262
7494,764
7494,1571
7496,1095
7497,1441
7498,837
7498,1137
7499,217
7499,223
7500,1139
7501,1932
7502,565
7503,143
7504,985
7505,1915
7505,2232
7506,1362
7507,1226
7507,1963
7508,1362
7509,959
7510,318
7510,657
7510,659
7511,43
7511,1911
7511,2161
7513,54
7513,472
7513,1855
7514,1250
7514,1594
7514,1598
7515,852
7516,638
7517,1460
7518,359
7518,361
7518,2098
7519,1305
7520,685
7520,868
7521,359
7521,361
7522,1795
7523,1492
7524,2290
7525,722
7526,43
7527,1083
7527,2095
7528,483
7529,1142
7529,1170
7530,677
7530,949
7531,1631
7532,1005
7532,2091
7533,659
7534,1450
7534,1855
7535,934
7536,1109
7537,537
7537,834
7537,883
7537,2127
7538,1297
7538,1442
7539,423
7540,993
7541,288
7542,959
7542,1015
7542,1432
7543,1811
7544,365
7544,1214
7544,1448
7544,1857
7545,976
7546,1047
7547,1140
7547,2032
7548,385
7548,659
7548,1065
7548,1285
7548,1355
7548,1435
7548,1663
7549,2097
7550,417
7551,2284
7551,2285
7551,2287
7551,2291
7552,959
7552,1024
7553,385
7553,654
7553,1065
7553,1285
7553,1355
7553,1663
7554,1867
7555,779
7555,1103
7556,952
7556,1102
7557,96
7557,288
7557,292
7557,293
7557,296
7557,298
7557,1564
7558,129
7559,1432
7560,505
7561,447
7562,555
7563,1245
7564,265
7565,751
7566,181
7567,1711
7568,1804
7568,1932
7569,1955
7569,1956
7569,2025
7570,1937
7571,639
7571,848
7571,1432
7571,1984
7572,1238
7573,146
7574,283
7574,298
7575,217
7576,2285
